Barcode,Neutrophils
AAACCCAGTTGTGCAT-1,Cluster 7
AAACGAACAATTGCGT-1,Cluster 1
AAACGCTTCGAGTCCG-1,Cluster 1
AAAGAACAGCGACTAG-1,Cluster 2
AAAGAACAGTCGAGGT-1,Cluster 4
AAAGAACCACTGCACG-1,Cluster 2
AAAGAACCAGTGCGCT-1,Cluster 7
AAAGAACTCAGCTCTC-1,Cluster 1
AAAGGATAGGAGCTGT-1,Cluster 6
AAAGGATCACCCAAGC-1,Cluster 4
AAAGGATCACGCGCAT-1,Cluster 3
AAAGGATCAGCTTCCT-1,Cluster 2
AAAGGATCAGGAATAT-1,Cluster 1
AAAGGATGTATCGTTG-1,Cluster 1
AAAGGGCGTCGATTTG-1,Cluster 1
AAAGGGCTCATTCATC-1,Cluster 7
AAAGGGCTCTACCACC-1,Cluster 1
AAAGGTAAGACGGTTG-1,Cluster 5
AAAGGTACAAGTGGCA-1,Cluster 2
AAAGGTACATACAGAA-1,Cluster 1
AAAGGTACATACAGGG-1,Cluster 3
AAAGGTATCGCAAGAG-1,Cluster 5
AAAGTCCGTATCTCTT-1,Cluster 3
AAAGTCCGTTCTCTAT-1,Cluster 1
AAAGTCCTCTGAGAAA-1,Cluster 1
AAAGTGAAGCGTTAGG-1,Cluster 6
AAAGTGACACAAACGG-1,Cluster 3
AAAGTGACAGACCAGA-1,Cluster 5
AAAGTGATCAAATAGG-1,Cluster 4
AAAGTGATCGCCGAGT-1,Cluster 4
AAAGTGATCTACGCAA-1,Cluster 3
AAAGTGATCTTCGCTG-1,Cluster 3
AAATGGAAGTCCTACA-1,Cluster 5
AAATGGAGTAGTCACT-1,Cluster 4
AAATGGATCACCGGTG-1,Cluster 4
AAATGGATCATCACAG-1,Cluster 6
AACAAAGCAATGTCAC-1,Cluster 7
AACAAAGCAGTAACGG-1,Cluster 4
AACAAAGTCCTCGATC-1,Cluster 4
AACAAAGTCTGCCTGT-1,Cluster 3
AACAACCCAGAGGCTA-1,Cluster 1
AACAACCGTGTCACAT-1,Cluster 4
AACAACCTCACAACCA-1,Cluster 2
AACAACCTCATCGACA-1,Cluster 3
AACAAGAAGGTTCAGG-1,Cluster 6
AACAAGAAGTGATTCC-1,Cluster 1
AACAAGACAGACAAAT-1,Cluster 6
AACAAGAGTATCAGGG-1,Cluster 3
AACAAGATCAGACCGC-1,Cluster 1
AACACACAGACTTCAC-1,Cluster 1
AACACACCACAAAGTA-1,Cluster 5
AACAGGGAGCTGCCTG-1,Cluster 2
AACAGGGGTCGATTCA-1,Cluster 1
AACAGGGGTCGCGTCA-1,Cluster 4
AACAGGGTCTTGGTGA-1,Cluster 6
AACCAACGTTTCCCAC-1,Cluster 5
AACCAACTCATTCGGA-1,Cluster 2
AACCAACTCGGACTGC-1,Cluster 5
AACCAACTCGTGGAAG-1,Cluster 3
AACCACAAGTAACCGG-1,Cluster 6
AACCACACACCGTGCA-1,Cluster 2
AACCACACATCCTATT-1,Cluster 2
AACCACACATGACAGG-1,Cluster 5
AACCACATCCGTCCTA-1,Cluster 2
AACCATGAGGACTATA-1,Cluster 6
AACCATGCAGAACATA-1,Cluster 1
AACCATGTCATTTACC-1,Cluster 2
AACCCAAAGTTACTCG-1,Cluster 6
AACCCAAGTTGTTGTG-1,Cluster 4
AACCCAATCACCTGTC-1,Cluster 2
AACCTGACAAACTCGT-1,Cluster 1
AACCTGAGTTTCCCAC-1,Cluster 1
AACCTTTTCCTTCGAC-1,Cluster 3
AACCTTTTCTTCCCGA-1,Cluster 1
AACGAAAAGCAGCGAT-1,Cluster 6
AACGAAAGTCATCCGG-1,Cluster 1
AACGAAATCATCTCTA-1,Cluster 5
AACGGGAAGAGGCTGT-1,Cluster 3
AACGGGACACACCTGG-1,Cluster 1
AACGGGAGTCCAAAGG-1,Cluster 5
AACGGGATCCCATTTA-1,Cluster 1
AACGTCAAGGGCTTCC-1,Cluster 5
AACGTCATCCGTGTCT-1,Cluster 3
AACTTCTAGACCTCCG-1,Cluster 5
AACTTCTCACGGCTAC-1,Cluster 3
AAGAACAAGACTAAGT-1,Cluster 3
AAGAACAGTTACAGCT-1,Cluster 3
AAGAACATCCCATAGA-1,Cluster 2
AAGACAAAGCCTGCCA-1,Cluster 6
AAGACAAAGCTGAGCA-1,Cluster 4
AAGACAAGTAAGGCTG-1,Cluster 1
AAGACAAGTCGTATGT-1,Cluster 1
AAGACTCCAATACGCT-1,Cluster 1
AAGACTCCAATCTAGC-1,Cluster 7
AAGACTCTCCACACAA-1,Cluster 3
AAGACTCTCCTCACGT-1,Cluster 3
AAGATAGGTAAGTAGT-1,Cluster 5
AAGATAGGTACTAACC-1,Cluster 1
AAGATAGGTATACGGG-1,Cluster 2
AAGATAGGTATTAAGG-1,Cluster 2
AAGATAGGTGCATGTT-1,Cluster 3
AAGATAGGTTCTTCAT-1,Cluster 1
AAGATAGTCCGCATAA-1,Cluster 2
AAGCATCAGATAGGGA-1,Cluster 4
AAGCATCAGATCCCAT-1,Cluster 5
AAGCATCCAGGCGAAT-1,Cluster 3
AAGCATCGTCTCGCGA-1,Cluster 5
AAGCATCGTCTTGGTA-1,Cluster 3
AAGCATCTCACTACGA-1,Cluster 3
AAGCATCTCCGACGGT-1,Cluster 4
AAGCATCTCGCTTACC-1,Cluster 2
AAGCATCTCTTTCCAA-1,Cluster 1
AAGCCATCAAACTCGT-1,Cluster 2
AAGCGAGCAAATCGGG-1,Cluster 4
AAGCGAGGTTCACGAT-1,Cluster 1
AAGCGTTCAATCTCGA-1,Cluster 3
AAGCGTTGTGATGGCA-1,Cluster 3
AAGCGTTGTGTGTGGA-1,Cluster 3
AAGCGTTTCAGCGCAC-1,Cluster 1
AAGGAATAGGAGCTGT-1,Cluster 7
AAGGAATCAGATTCGT-1,Cluster 1
AAGGAATGTAGGCTCC-1,Cluster 6
AAGGAATGTATTGAGA-1,Cluster 1
AAGGAATTCACTCGAA-1,Cluster 3
AAGGTAAAGAGTCGAC-1,Cluster 2
AAGGTAACAGTTTCAG-1,Cluster 7
AAGGTAAGTGGAGGTT-1,Cluster 3
AAGGTAAGTTGCCTAA-1,Cluster 7
AAGTACCCAGACCTGC-1,Cluster 5
AAGTACCGTAGAATAC-1,Cluster 2
AAGTCGTAGACGAGCT-1,Cluster 5
AAGTCGTAGCATACTC-1,Cluster 1
AAGTCGTCATGAAGCG-1,Cluster 3
AAGTCGTGTCGTTGGC-1,Cluster 2
AAGTCGTGTCTCAGGC-1,Cluster 3
AAGTCGTTCTAAGGAA-1,Cluster 1
AAGTCGTTCTGAATCG-1,Cluster 3
AAGTGAAGTCGCAACC-1,Cluster 5
AAGTGAAGTTCATCGA-1,Cluster 4
AAGTGAATCTGTTCAT-1,Cluster 6
AAGTGAATCTTGGTCC-1,Cluster 3
AATAGAGAGATACCAA-1,Cluster 2
AATAGAGAGATTGATG-1,Cluster 1
AATAGAGAGGGCAATC-1,Cluster 6
AATAGAGCAAGTGGAC-1,Cluster 4
AATAGAGCACCCAAGC-1,Cluster 1
AATAGAGTCAGCTGAT-1,Cluster 1
AATAGAGTCATTGTGG-1,Cluster 3
AATAGAGTCCTCTGCA-1,Cluster 5
AATAGAGTCTAAGAAG-1,Cluster 5
AATCACGCATTCGATG-1,Cluster 5
AATCGACAGACGCAGT-1,Cluster 2
AATCGTGAGCCTAACT-1,Cluster 5
AATCGTGAGTAGTCAA-1,Cluster 2
AATCGTGCAGCCATTA-1,Cluster 5
AATCGTGCAGGCGAAT-1,Cluster 3
AATGAAGGTACAGAGC-1,Cluster 1
AATGACCAGCCTCTGG-1,Cluster 1
AATGACCAGCTGACCC-1,Cluster 3
AATGACCAGGGCCAAT-1,Cluster 4
AATGACCCACCTCTGT-1,Cluster 4
AATGACCGTCTAGATC-1,Cluster 4
AATGACCGTTGGAGAC-1,Cluster 3
AATGACCTCAGTCCGG-1,Cluster 1
AATGACCTCTACAGGT-1,Cluster 2
AATGCCAAGGATTACA-1,Cluster 3
AATGCCATCCTACACC-1,Cluster 6
AATGGAAAGGCAGGGA-1,Cluster 3
AATGGAATCGGCTCTT-1,Cluster 7
AATGGCTGTCCATAGT-1,Cluster 6
AATGGCTGTTATGGTC-1,Cluster 3
AATTCCTAGGGTCTTT-1,Cluster 3
AATTCCTAGGTCGTGA-1,Cluster 5
AATTCCTGTAGCTTAC-1,Cluster 1
AATTCCTGTTCAGTAC-1,Cluster 6
AATTCCTTCATCTGTT-1,Cluster 2
AATTTCCGTATGCGGA-1,Cluster 2
AATTTCCGTCCGCAGT-1,Cluster 3
AATTTCCGTTCTCCCA-1,Cluster 3
AATTTCCTCTGTGCTC-1,Cluster 7
ACAAAGAAGATACATG-1,Cluster 4
ACAAAGAAGCTGTGCC-1,Cluster 2
ACAAAGACACGGTCTG-1,Cluster 3
ACAAAGATCCATCCGT-1,Cluster 4
ACAACCATCGCTCCTA-1,Cluster 2
ACACAGTAGGAGGGTG-1,Cluster 2
ACACAGTAGTTGCCCG-1,Cluster 6
ACACAGTCAATCTCTT-1,Cluster 3
ACACAGTGTGAGTTGG-1,Cluster 7
ACACCAACACCCTAGG-1,Cluster 6
ACACCAACACCCTATC-1,Cluster 2
ACACCAACAGCTACAT-1,Cluster 5
ACACCAACATACACCA-1,Cluster 5
ACACCAATCATATGGC-1,Cluster 4
ACACCAATCCTCTCGA-1,Cluster 2
ACACGCGCAGCAGGAT-1,Cluster 3
ACACGCGGTCTCCCTA-1,Cluster 7
ACACGCGGTGCGTTTA-1,Cluster 2
ACACGCGTCGACACTA-1,Cluster 3
ACACTGAAGGTACAAT-1,Cluster 4
ACACTGACAAGATGTA-1,Cluster 1
ACACTGACATAGGTTC-1,Cluster 6
ACACTGACATCATGAC-1,Cluster 6
ACACTGATCGCTTTAT-1,Cluster 1
ACAGAAAAGCCTCCAG-1,Cluster 2
ACAGAAAAGTCGCGAA-1,Cluster 7
ACAGAAACAGCCGTTG-1,Cluster 1
ACAGAAACATGTGGCC-1,Cluster 2
ACAGAAAGTCCCTGAG-1,Cluster 6
ACAGCCGAGGCATCGA-1,Cluster 4
ACAGCCGCAATTCTTC-1,Cluster 4
ACAGCCGGTAAGGCTG-1,Cluster 1
ACAGGGAAGCTAATCC-1,Cluster 1
ACAGGGACACTAACGT-1,Cluster 7
ACAGGGATCAAGTCTG-1,Cluster 3
ACAGGGATCCCATACC-1,Cluster 5
ACATCCCAGTACGAGC-1,Cluster 6
ACATCCCTCGGACTTA-1,Cluster 2
ACATCGAAGGTTATAG-1,Cluster 1
ACATCGATCGGTCTAA-1,Cluster 3
ACATGCAAGGCACGAT-1,Cluster 3
ACATGCACAAGGCAAC-1,Cluster 4
ACATGCACAATTTCTC-1,Cluster 4
ACATTTCAGGTTAAAC-1,Cluster 7
ACATTTCGTTGCGGAA-1,Cluster 5
ACATTTCTCGCAATTG-1,Cluster 6
ACCAAACAGACTACGG-1,Cluster 3
ACCAAACAGAGCAAGA-1,Cluster 1
ACCAAACAGCCAGACA-1,Cluster 2
ACCAAACAGCCATCCG-1,Cluster 3
ACCAACAAGATCGCTT-1,Cluster 2
ACCAACACATAATGCC-1,Cluster 7
ACCAACATCGAGCTGC-1,Cluster 6
ACCACAAAGTCTACCA-1,Cluster 1
ACCACAAAGTGGCAGT-1,Cluster 7
ACCACAAGTTACGTAC-1,Cluster 5
ACCATTTAGACAGCTG-1,Cluster 2
ACCATTTAGGCGAACT-1,Cluster 4
ACCATTTAGGGCAGGA-1,Cluster 3
ACCATTTCACAACGAG-1,Cluster 2
ACCATTTTCATGAGGG-1,Cluster 5
ACCCAAAAGCTGTTCA-1,Cluster 2
ACCCAAACAAGCGATG-1,Cluster 4
ACCCAAACACTTGAGT-1,Cluster 5
ACCCAAAGTATCGTTG-1,Cluster 1
ACCCTCAAGAGAGCAA-1,Cluster 3
ACCCTCACAGTAGGAC-1,Cluster 1
ACCCTCACATAATCGC-1,Cluster 3
ACCCTCAGTCGGATTT-1,Cluster 3
ACCCTCAGTTGGGCCT-1,Cluster 6
ACCCTCATCAATCCGA-1,Cluster 1
ACCCTCATCATCGGGC-1,Cluster 2
ACCCTTGAGTAAATGC-1,Cluster 3
ACCCTTGGTGGGCTCT-1,Cluster 7
ACCCTTGTCTTACGGA-1,Cluster 2
ACCGTTCAGCCTGTGC-1,Cluster 1
ACCTGAACAAACAGGC-1,Cluster 5
ACCTGAACACAGAAGC-1,Cluster 2
ACCTGAACAGTCAACT-1,Cluster 3
ACCTGAAGTCTAATCG-1,Cluster 2
ACCTGAAGTTAAGTCC-1,Cluster 3
ACCTGAAGTTGCGTAT-1,Cluster 7
ACCTGTCCACCCAAGC-1,Cluster 1
ACCTGTCGTGTGTCGC-1,Cluster 2
ACCTGTCTCCCGTGAG-1,Cluster 3
ACCTGTCTCCGTGCGA-1,Cluster 2
ACGATCAAGAATTTGG-1,Cluster 1
ACGATCAAGCCACAAG-1,Cluster 4
ACGATCAAGTAAGACT-1,Cluster 2
ACGATCACAAGCTGCC-1,Cluster 7
ACGATCAGTACTAGCT-1,Cluster 1
ACGATCAGTAGCCCTG-1,Cluster 7
ACGATCAGTCAAGTTC-1,Cluster 5
ACGATCAGTGTGACCC-1,Cluster 5
ACGATCAGTTGGGAAC-1,Cluster 3
ACGCACGGTCTGCATA-1,Cluster 2
ACGCACGTCCCATAAG-1,Cluster 4
ACGCACGTCCGCGAGT-1,Cluster 3
ACGGAAGAGAGAACCC-1,Cluster 5
ACGGAAGAGTAAACTG-1,Cluster 1
ACGGAAGTCATCGCTC-1,Cluster 2
ACGGGTCTCGCCGATG-1,Cluster 2
ACGGTCGAGCGTTGTT-1,Cluster 6
ACGGTCGAGTAAACAC-1,Cluster 4
ACGGTCGCACGCTATA-1,Cluster 1
ACGGTCGGTCGCCACA-1,Cluster 2
ACGGTCGGTGATGTAA-1,Cluster 3
ACGGTTATCGTACCTC-1,Cluster 3
ACGGTTATCTCAACCC-1,Cluster 5
ACGGTTATCTTCTAAC-1,Cluster 5
ACGTACAAGGGTGGGA-1,Cluster 4
ACGTACAGTCACTTCC-1,Cluster 2
ACGTACAGTGTCCACG-1,Cluster 3
ACGTACATCAAATGCC-1,Cluster 3
ACGTACATCTTCGGAA-1,Cluster 3
ACGTAGTAGACATCCT-1,Cluster 2
ACGTAGTCACGGGTAA-1,Cluster 1
ACGTAGTTCCAGTACA-1,Cluster 2
ACGTAGTTCTCACGAA-1,Cluster 1
ACGTCCTAGAGTCAGC-1,Cluster 2
ACGTCCTAGCCAGAGT-1,Cluster 1
ACGTCCTCACACGGTC-1,Cluster 4
ACGTCCTCAGACAATA-1,Cluster 1
ACGTCCTGTATCGCGC-1,Cluster 4
ACGTTCCCACCCTGTT-1,Cluster 1
ACGTTCCCAGTCTTCC-1,Cluster 2
ACGTTCCTCTCCGTGT-1,Cluster 1
ACTACGAAGCGGCTCT-1,Cluster 1
ACTACGACAATCACGT-1,Cluster 5
ACTACGAGTCGTTTCC-1,Cluster 2
ACTATCTAGGTCACCC-1,Cluster 6
ACTATCTAGGTGCATG-1,Cluster 4
ACTATCTCAATAACGA-1,Cluster 1
ACTATCTCAGTCGAGA-1,Cluster 2
ACTATCTGTCTATGAC-1,Cluster 5
ACTATCTTCCAGGACC-1,Cluster 3
ACTATCTTCGTAGTCA-1,Cluster 5
ACTATGGAGACTCAAA-1,Cluster 3
ACTATGGAGGGAACAA-1,Cluster 4
ACTATGGGTAGGAAAG-1,Cluster 2
ACTATTCAGGTTCCAT-1,Cluster 1
ACTATTCCAGCGACCT-1,Cluster 2
ACTCCCAAGCCAGAGT-1,Cluster 1
ACTCCCAGTGTCATCA-1,Cluster 4
ACTCTCGGTGTCTTCC-1,Cluster 3
ACTCTCGGTGTTGCCG-1,Cluster 7
ACTGATGGTCCGTACG-1,Cluster 3
ACTGATGGTTTACGTG-1,Cluster 7
ACTGCAAAGCGCCTTG-1,Cluster 2
ACTGCAAAGTAGGTTA-1,Cluster 4
ACTGCAAAGTATGACA-1,Cluster 5
ACTGCAAGTGCATGTT-1,Cluster 7
ACTGCAAGTGGCTGAA-1,Cluster 2
ACTGTCCAGATCACCT-1,Cluster 3
ACTGTCCCAGTCACGC-1,Cluster 1
ACTGTCCGTCACGCTG-1,Cluster 1
ACTGTGAAGATAGTCA-1,Cluster 3
ACTGTGAAGCCAGTAG-1,Cluster 6
ACTGTGACACTAAACC-1,Cluster 3
ACTGTGACAGCGGATA-1,Cluster 4
ACTGTGATCATTCATC-1,Cluster 5
ACTTATCAGGTTCATC-1,Cluster 5
ACTTATCTCTTAGCCC-1,Cluster 1
ACTTCCGAGACGAAGA-1,Cluster 5
ACTTCCGAGCACTCAT-1,Cluster 5
ACTTCCGAGTTGGAGC-1,Cluster 7
ACTTCCGCATTGGATC-1,Cluster 2
ACTTCGCGTCCTCCAT-1,Cluster 6
ACTTCGCGTGTCCGGT-1,Cluster 3
ACTTCGCGTGTTACTG-1,Cluster 3
ACTTCGCTCCGATGTA-1,Cluster 6
ACTTTCAAGTTTGAGA-1,Cluster 7
ACTTTCACAAGCTACT-1,Cluster 4
ACTTTCACATCTGCGG-1,Cluster 3
ACTTTCACATGCGGTC-1,Cluster 2
ACTTTCAGTCGTGGAA-1,Cluster 5
ACTTTCAGTTCCTAAG-1,Cluster 1
ACTTTGTCAGGCTACC-1,Cluster 3
ACTTTGTTCTTAGGAC-1,Cluster 2
AGAAATGCAGAGTGAC-1,Cluster 1
AGAAATGGTGACTGTT-1,Cluster 4
AGAAATGTCTATTCGT-1,Cluster 6
AGAACAACAATAGTGA-1,Cluster 1
AGAACAAGTAGGACCA-1,Cluster 2
AGAACAAGTATACCCA-1,Cluster 1
AGAACAAGTCCAATCA-1,Cluster 1
AGAACCTAGCGATGGT-1,Cluster 3
AGAACCTCAGTCGCTG-1,Cluster 1
AGAACCTGTACCGCGT-1,Cluster 3
AGAACCTTCCGGACTG-1,Cluster 3
AGAAGCGGTAACACGG-1,Cluster 2
AGAAGCGGTAACATAG-1,Cluster 4
AGAAGTAAGTCAGAGC-1,Cluster 3
AGAAGTACAGCAGTCC-1,Cluster 5
AGAAGTATCTTCGGAA-1,Cluster 2
AGACAAAAGGCCCAAA-1,Cluster 3
AGACAAAAGTTGCTCA-1,Cluster 6
AGACAAACAAACCGGA-1,Cluster 5
AGACAAACAAAGGCGT-1,Cluster 4
AGACAAACATCCGAGC-1,Cluster 3
AGACAAAGTGAGACCA-1,Cluster 1
AGACAAAGTGATACTC-1,Cluster 3
AGACAAATCTGAGTCA-1,Cluster 6
AGACACTAGCGTGCTC-1,Cluster 2
AGACACTAGTCGGGAT-1,Cluster 4
AGACACTCACATTCGA-1,Cluster 1
AGACACTCAGCTATTG-1,Cluster 3
AGACACTGTCCTTTGC-1,Cluster 7
AGACACTGTCGCATGC-1,Cluster 2
AGACACTTCCCTGTTG-1,Cluster 5
AGACAGGAGCCGCTTG-1,Cluster 2
AGACAGGAGGACAAGA-1,Cluster 2
AGACAGGAGTTGGAAT-1,Cluster 1
AGACAGGGTGTTACAC-1,Cluster 2
AGACAGGGTTGGGCCT-1,Cluster 4
AGACAGGTCGAATGCT-1,Cluster 5
AGACCATGTAGAATAC-1,Cluster 4
AGACCCGAGATGACCG-1,Cluster 5
AGACCCGAGGGTGAAA-1,Cluster 5
AGACCCGCATATACCG-1,Cluster 6
AGACCCGGTTGGGCCT-1,Cluster 4
AGACCCGTCCGTGTGG-1,Cluster 1
AGACTCAGTTCTCAGA-1,Cluster 1
AGAGAATCAACCACGC-1,Cluster 4
AGAGAATTCATCTACT-1,Cluster 1
AGAGAGCGTGGTCCCA-1,Cluster 3
AGAGCAGCAATACGAA-1,Cluster 1
AGAGCAGCACAGTCAT-1,Cluster 3
AGAGCAGCATACACCA-1,Cluster 2
AGAGCAGGTACACGCC-1,Cluster 5
AGAGCCCGTGCACAAG-1,Cluster 1
AGAGCCCTCTGGGATT-1,Cluster 4
AGATAGACAGAGCCCT-1,Cluster 3
AGATAGAGTTCTAACG-1,Cluster 6
AGATAGATCAAGTGTC-1,Cluster 7
AGATCCACAATGGCAG-1,Cluster 2
AGATCCAGTCGCGGTT-1,Cluster 2
AGATCGTAGCAGGCTA-1,Cluster 3
AGATCGTAGCATACTC-1,Cluster 1
AGATCGTAGGAGCAAA-1,Cluster 2
AGATCGTAGGGTATAT-1,Cluster 5
AGATCGTCACAGCTTA-1,Cluster 2
AGATCGTGTCCCGCAA-1,Cluster 3
AGATCGTGTTCTAAGC-1,Cluster 3
AGATCGTTCAACTTTC-1,Cluster 5
AGATCGTTCTACCTTA-1,Cluster 2
AGATGAAAGCAGGCTA-1,Cluster 6
AGATGAAAGGAATGTT-1,Cluster 2
AGATGAAGTTGAGAGC-1,Cluster 6
AGATGCTCACGGGTAA-1,Cluster 4
AGCATCATCAGTGTGT-1,Cluster 2
AGCCAATAGAGGATGA-1,Cluster 1
AGCCAATAGCGGCTCT-1,Cluster 2
AGCCAATCAGTTTGGT-1,Cluster 7
AGCCAATGTGAGTAAT-1,Cluster 3
AGCCAATTCAGCTGTA-1,Cluster 3
AGCCAATTCCCGAGGT-1,Cluster 6
AGCCACGAGAGTCTGG-1,Cluster 4
AGCCACGCAAATGCTC-1,Cluster 7
AGCCACGGTCCGAAAG-1,Cluster 3
AGCCACGGTGCCGAAA-1,Cluster 5
AGCCACGTCAAGTAAG-1,Cluster 2
AGCCAGCTCACTGGTA-1,Cluster 4
AGCGATTGTAGCTAAA-1,Cluster 2
AGCGATTGTCCGACGT-1,Cluster 7
AGCGCCAAGAGAACCC-1,Cluster 4
AGCGCCAAGATCGACG-1,Cluster 2
AGCGCCAAGTGAGTTA-1,Cluster 2
AGCGCTGAGATGGCAC-1,Cluster 4
AGCGCTGAGGAGATAG-1,Cluster 6
AGCGCTGCACAAGCTT-1,Cluster 3
AGCGCTGGTTAGTTCG-1,Cluster 7
AGCGCTGGTTCTGAGT-1,Cluster 4
AGCGCTGTCAAGCGTT-1,Cluster 5
AGCGCTGTCTTTGGAG-1,Cluster 6
AGCGTATCAAGTCCAT-1,Cluster 2
AGCGTATTCATTCCTA-1,Cluster 4
AGCGTCGCAGCGTATT-1,Cluster 2
AGCGTCGGTTGCAAGG-1,Cluster 6
AGCTACAGTAGCTTAC-1,Cluster 3
AGCTACAGTGAGCTCC-1,Cluster 5
AGCTACAGTTCGATTG-1,Cluster 5
AGCTACATCACGAGGA-1,Cluster 1
AGCTACATCGTAGTGT-1,Cluster 7
AGCTCAAAGGGTAGCT-1,Cluster 1
AGCTCAAAGTGCGTCC-1,Cluster 1
AGCTCAACAGTTCACA-1,Cluster 3
AGCTCAATCCTAAACG-1,Cluster 6
AGCTCAATCGTGGCGT-1,Cluster 2
AGCTTCCAGTACAACA-1,Cluster 4
AGCTTCCCAGTGAGCA-1,Cluster 2
AGCTTCCCATGTTCAG-1,Cluster 6
AGCTTCCGTACACGCC-1,Cluster 4
AGGAAATAGGTAGACC-1,Cluster 4
AGGAAATGTCCACTCT-1,Cluster 7
AGGAAATTCCACTGAA-1,Cluster 2
AGGAAATTCCTTCTGG-1,Cluster 5
AGGAATAAGTACGAGC-1,Cluster 2
AGGAATACAGCAGATG-1,Cluster 4
AGGAATAGTCTGCGCA-1,Cluster 3
AGGAATAGTGGCTACC-1,Cluster 1
AGGAATATCATTGTGG-1,Cluster 6
AGGACGAAGTCCGCGT-1,Cluster 5
AGGACGACAGAACGCA-1,Cluster 3
AGGACGAGTAGTTCCA-1,Cluster 5
AGGACTTCAGAAGTGC-1,Cluster 2
AGGACTTGTTTACTTC-1,Cluster 1
AGGACTTGTTTGTGGT-1,Cluster 3
AGGAGGTAGAGTTGAT-1,Cluster 2
AGGAGGTGTCGCCACA-1,Cluster 4
AGGAGGTTCGACGTCG-1,Cluster 4
AGGATAAAGCAAATGT-1,Cluster 4
AGGATAACACCTGCAG-1,Cluster 7
AGGATAATCACCCTCA-1,Cluster 4
AGGATAATCCTGTACC-1,Cluster 3
AGGATAATCGTCGATA-1,Cluster 4
AGGATCTAGGCAATGC-1,Cluster 3
AGGATCTCAAGTTGGG-1,Cluster 1
AGGATCTGTGCATTAC-1,Cluster 4
AGGCATTCACGGTAGA-1,Cluster 2
AGGCATTCAGAATGTA-1,Cluster 1
AGGCATTTCGTAACTG-1,Cluster 5
AGGCATTTCTGACCCT-1,Cluster 2
AGGCCACCAACCACAT-1,Cluster 3
AGGCCACGTGAGTAGC-1,Cluster 1
AGGCCACGTTGGCCGT-1,Cluster 6
AGGCTGCAGTCACACT-1,Cluster 4
AGGCTGCCAGACACAG-1,Cluster 2
AGGCTGCTCATATGGC-1,Cluster 3
AGGGAGTAGAGCCATG-1,Cluster 2
AGGGAGTAGCTAAATG-1,Cluster 1
AGGGAGTAGGGAACAA-1,Cluster 4
AGGGAGTAGGGCAAGG-1,Cluster 4
AGGGAGTAGTACAGAT-1,Cluster 4
AGGGAGTCAGGGTTGA-1,Cluster 6
AGGGAGTTCCTGTTAT-1,Cluster 3
AGGGAGTTCTATCCAT-1,Cluster 1
AGGGCCTCATAAGATG-1,Cluster 4
AGGGCCTGTCCCTCAT-1,Cluster 4
AGGGCCTTCCACACCT-1,Cluster 5
AGGGCCTTCTCGGGAC-1,Cluster 6
AGGGCTCAGGTTGAGC-1,Cluster 6
AGGGCTCCAATTTCGG-1,Cluster 1
AGGGCTCGTAGATGTA-1,Cluster 2
AGGGCTCGTGCTGATT-1,Cluster 1
AGGGCTCGTTCTGACA-1,Cluster 4
AGGGCTCTCGGTCGGT-1,Cluster 5
AGGGTCCCACAGTCAT-1,Cluster 3
AGGGTCCGTGTCTAAC-1,Cluster 4
AGGGTCCTCCAAACCA-1,Cluster 1
AGGGTCCTCGACGCGT-1,Cluster 1
AGGGTGACAGGTCAAG-1,Cluster 5
AGGGTGAGTACCTAAC-1,Cluster 2
AGGGTGAGTGATACAA-1,Cluster 2
AGGGTGATCAACCTCC-1,Cluster 3
AGGGTTTGTCTAGATC-1,Cluster 2
AGGGTTTGTGTTAAAG-1,Cluster 2
AGGGTTTTCCGTACGG-1,Cluster 3
AGGTAGGAGCATTGAA-1,Cluster 2
AGGTAGGAGGTTAGTA-1,Cluster 5
AGGTAGGCAGAACTTC-1,Cluster 1
AGGTAGGTCATTTGTC-1,Cluster 5
AGGTCATCAATTGCTG-1,Cluster 4
AGGTCATCAGCCCAGT-1,Cluster 5
AGGTCATTCCGGCAAC-1,Cluster 2
AGGTCTAAGCAACTTC-1,Cluster 4
AGGTCTAAGTCATTGC-1,Cluster 2
AGGTCTACATGACTGT-1,Cluster 3
AGGTCTAGTGGTACAG-1,Cluster 3
AGGTCTAGTTAAAGTG-1,Cluster 2
AGGTGTTAGTAAAGCT-1,Cluster 2
AGGTGTTCATCAGTCA-1,Cluster 2
AGGTTACCAATCCTTT-1,Cluster 4
AGGTTACCACTGTGTA-1,Cluster 7
AGGTTACGTACTGTTG-1,Cluster 2
AGGTTACTCCACTTTA-1,Cluster 3
AGGTTACTCGGTAGAG-1,Cluster 3
AGGTTGTGTAGTGTGG-1,Cluster 4
AGGTTGTGTATGAAGT-1,Cluster 5
AGTAACCTCCGAGATT-1,Cluster 6
AGTACCACAGGTGAGT-1,Cluster 3
AGTACCAGTCATCAGT-1,Cluster 3
AGTACCATCGAGTGGA-1,Cluster 1
AGTACTGAGTGACACG-1,Cluster 5
AGTACTGGTCCCTCAT-1,Cluster 1
AGTAGTCAGACATACA-1,Cluster 5
AGTAGTCTCTAACGGT-1,Cluster 4
AGTCAACAGAGAAGGT-1,Cluster 3
AGTCAACCAAATGGCG-1,Cluster 7
AGTCAACCAACGGCCT-1,Cluster 4
AGTCAACCAATACGCT-1,Cluster 5
AGTCAACCAATGGGTG-1,Cluster 5
AGTCAACCACGGCGTT-1,Cluster 1
AGTCAACCACTTTAGG-1,Cluster 3
AGTCAACGTACTTCCC-1,Cluster 5
AGTCAACGTTGTTTGG-1,Cluster 7
AGTCAACTCCCTCTAG-1,Cluster 4
AGTCAACTCTTTGGAG-1,Cluster 3
AGTCACAAGCTCGAAG-1,Cluster 3
AGTCACACAGTTAGGG-1,Cluster 1
AGTCACACATAAGCAA-1,Cluster 1
AGTCACAGTTACCCTC-1,Cluster 2
AGTCACAGTTGCCATA-1,Cluster 4
AGTCATGAGAGCAGTC-1,Cluster 2
AGTCATGAGTCCGCGT-1,Cluster 6
AGTCATGCATACTGAC-1,Cluster 4
AGTCATGGTAGCCAGA-1,Cluster 3
AGTCATGGTTAAACAG-1,Cluster 5
AGTCATGGTTGGAGGT-1,Cluster 4
AGTCATGTCATTGTGG-1,Cluster 3
AGTCATGTCGCAGAGA-1,Cluster 3
AGTCTCCAGAGTCGAC-1,Cluster 1
AGTCTCCCAAGATCCT-1,Cluster 2
AGTCTCCCATGGCTAT-1,Cluster 6
AGTCTCCGTAATTGGA-1,Cluster 1
AGTGACTGTGGAAATT-1,Cluster 2
AGTGACTGTTCTAAGC-1,Cluster 1
AGTGATCCACTACCCT-1,Cluster 1
AGTGATCCAGCTACAT-1,Cluster 5
AGTGATCCAGTTAAAG-1,Cluster 6
AGTGATCCATCGGAAG-1,Cluster 4
AGTGATCTCACACCCT-1,Cluster 1
AGTGCCGAGGAAAGTG-1,Cluster 3
AGTGCCGCACCCGTAG-1,Cluster 5
AGTGTTGAGAACGCGT-1,Cluster 4
AGTGTTGAGCATCCTA-1,Cluster 4
AGTGTTGAGCGAGTCA-1,Cluster 1
AGTTAGCAGAATCCCT-1,Cluster 2
AGTTCCCAGGGTACAC-1,Cluster 4
AGTTCCCGTGCAAGAC-1,Cluster 1
AGTTCGAAGGTGAGAA-1,Cluster 1
AGTTCGACAAGATGTA-1,Cluster 5
AGTTCGAGTCTTACTT-1,Cluster 4
AGTTCGATCCCTGTTG-1,Cluster 5
ATACCGAAGGTGAGAA-1,Cluster 4
ATACCGATCAGAGCGA-1,Cluster 1
ATACCGATCTATGCCC-1,Cluster 4
ATACCTTAGCGTGCTC-1,Cluster 2
ATACCTTCAAGGCTTT-1,Cluster 4
ATACCTTGTAACCAGG-1,Cluster 5
ATACCTTGTATCCTCC-1,Cluster 5
ATACTTCAGAAAGCGA-1,Cluster 6
ATACTTCAGCGTGAAC-1,Cluster 1
ATAGACCAGGGTTAGC-1,Cluster 6
ATAGACCGTACTGGGA-1,Cluster 2
ATAGACCGTGAGTGAC-1,Cluster 1
ATAGACCGTTACGCCG-1,Cluster 3
ATAGAGAAGGGATCAC-1,Cluster 7
ATAGAGACATGACACT-1,Cluster 5
ATAGAGAGTCATATGC-1,Cluster 5
ATAGAGATCCAGTACA-1,Cluster 1
ATAGGCTCACACGCCA-1,Cluster 6
ATAGGCTTCACGAACT-1,Cluster 4
ATAGGCTTCCCGAGTG-1,Cluster 4
ATATCCTCAGGAGGAG-1,Cluster 7
ATATCCTCATCCTTGC-1,Cluster 2
ATCACAGAGGAGACCT-1,Cluster 7
ATCACAGGTCGTACAT-1,Cluster 7
ATCACAGGTTCACCGG-1,Cluster 5
ATCACAGTCCGGACGT-1,Cluster 3
ATCACGATCGGCCTTT-1,Cluster 2
ATCACGATCTGGAGAG-1,Cluster 1
ATCACTTCATCTGGGC-1,Cluster 2
ATCACTTGTCGAGTGA-1,Cluster 5
ATCACTTTCACCTGTC-1,Cluster 2
ATCACTTTCCGCAAAT-1,Cluster 4
ATCAGGTAGTCTCCTC-1,Cluster 2
ATCAGGTGTTAGAAGT-1,Cluster 7
ATCAGGTTCGCTTTAT-1,Cluster 3
ATCATTCCAGAGACTG-1,Cluster 2
ATCATTCGTCGTACAT-1,Cluster 2
ATCATTCTCTCAGTCC-1,Cluster 3
ATCATTCTCTTTGCGC-1,Cluster 1
ATCCACCAGTAAGCAT-1,Cluster 6
ATCCACCTCCCAGGAC-1,Cluster 5
ATCCACCTCCGACAGC-1,Cluster 3
ATCCATTCAAGTTTGC-1,Cluster 7
ATCCATTGTGAACTAA-1,Cluster 6
ATCCATTTCAGCTCTC-1,Cluster 2
ATCCATTTCCCAGTGG-1,Cluster 5
ATCCATTTCGACCACG-1,Cluster 1
ATCCCTGCACGACGAA-1,Cluster 1
ATCCCTGCATGTGGTT-1,Cluster 3
ATCCCTGGTAACACCT-1,Cluster 3
ATCCCTGTCACGATCA-1,Cluster 3
ATCCGTCAGATGGCAC-1,Cluster 3
ATCCTATGTTGAGTCT-1,Cluster 7
ATCGATGAGCTTACGT-1,Cluster 3
ATCGATGAGTCATCCA-1,Cluster 1
ATCGATGTCTTTGATC-1,Cluster 2
ATCGCCTAGGTGCATG-1,Cluster 2
ATCGCCTCATACCATG-1,Cluster 6
ATCGCCTGTGGCTTGC-1,Cluster 2
ATCGGATCATAACTCG-1,Cluster 4
ATCGGCGAGGGTTAAT-1,Cluster 2
ATCGGCGCAGGACAGT-1,Cluster 7
ATCGGCGGTTTAGTCG-1,Cluster 2
ATCGGCGTCATAGAGA-1,Cluster 5
ATCGGCGTCGACACTA-1,Cluster 4
ATCGTAGCAATGAGCG-1,Cluster 5
ATCGTAGGTACGGTTT-1,Cluster 2
ATCGTAGGTATAGGAT-1,Cluster 3
ATCGTAGGTGCCCGTA-1,Cluster 1
ATCGTAGTCCACTGGG-1,Cluster 5
ATCGTAGTCGTGGCGT-1,Cluster 2
ATCGTCCAGCTAGCCC-1,Cluster 5
ATCGTCCGTGCTATTG-1,Cluster 5
ATCGTCCGTGGGTATG-1,Cluster 5
ATCGTGAAGTTCGCAT-1,Cluster 5
ATCGTGACAAGAGCTG-1,Cluster 4
ATCGTGAGTGATCATC-1,Cluster 4
ATCGTGATCAGGAAGC-1,Cluster 3
ATCGTGATCCTGTACC-1,Cluster 2
ATCTCTAAGTCTTCGA-1,Cluster 2
ATCTCTACAGGCAATG-1,Cluster 7
ATCTCTAGTGTACAGG-1,Cluster 2
ATCTCTATCAATCCGA-1,Cluster 1
ATCTCTATCCTCACCA-1,Cluster 4
ATCTCTATCTGTCCGT-1,Cluster 2
ATGAAAGCAGAGACTG-1,Cluster 5
ATGAAAGCATGAATCC-1,Cluster 1
ATGAAAGTCGGCATCG-1,Cluster 3
ATGACCAAGACTTCGT-1,Cluster 7
ATGACCAAGCTGCCAC-1,Cluster 3
ATGACCACACGCAAAG-1,Cluster 2
ATGACCACAGACCTGC-1,Cluster 6
ATGAGGGAGAACGCGT-1,Cluster 2
ATGAGGGAGGTTACCT-1,Cluster 3
ATGAGGGCACACAGCC-1,Cluster 3
ATGAGGGGTCTAACTG-1,Cluster 6
ATGAGGGTCAACTGAC-1,Cluster 5
ATGAGGGTCGCTAATG-1,Cluster 2
ATGAGGGTCGCTGTTC-1,Cluster 1
ATGAGTCCAAATAAGC-1,Cluster 6
ATGAGTCCAACAAGAT-1,Cluster 4
ATGAGTCGTGGCGTAA-1,Cluster 5
ATGAGTCGTTTACCAG-1,Cluster 1
ATGAGTCGTTTCGTAG-1,Cluster 3
ATGATCGGTCCCACGA-1,Cluster 3
ATGCATGAGTAGACAT-1,Cluster 1
ATGCATGCATGCACTA-1,Cluster 3
ATGCCTCAGGTATTGA-1,Cluster 3
ATGCCTCCAATGGGTG-1,Cluster 1
ATGCCTCCACAAACGG-1,Cluster 1
ATGCCTCCAGAGTTCT-1,Cluster 6
ATGCCTCCATCGTGGC-1,Cluster 7
ATGCCTCGTTCAGCGC-1,Cluster 1
ATGCCTCTCTCCGAGG-1,Cluster 1
ATGCGATCACGACAAG-1,Cluster 2
ATGCGATCACGCGCTA-1,Cluster 7
ATGCGATTCAAGTAAG-1,Cluster 3
ATGCGATTCTCGTGGG-1,Cluster 1
ATGGAGGCACGGTGTC-1,Cluster 1
ATGGAGGGTCCAAAGG-1,Cluster 5
ATGGAGGTCTTAATCC-1,Cluster 5
ATGGATCAGATGTTCC-1,Cluster 4
ATGGATCCAACGGGTA-1,Cluster 2
ATGGATCCAAGATGGC-1,Cluster 3
ATGGATCGTACGGGAT-1,Cluster 1
ATGGGAGCAGAACATA-1,Cluster 5
ATGGGAGGTGCTATTG-1,Cluster 1
ATGGGTTCACGTGAGA-1,Cluster 1
ATGGGTTCATGAAGCG-1,Cluster 3
ATGGGTTGTGGGCTCT-1,Cluster 4
ATGGTTGCACGCTATA-1,Cluster 3
ATGGTTGCATGAATAG-1,Cluster 7
ATGGTTGCATGCCATA-1,Cluster 1
ATGTCCCCAACAAGTA-1,Cluster 4
ATGTCCCGTACGGGAT-1,Cluster 2
ATGTCCCGTCAAGTTC-1,Cluster 2
ATGTCCCGTTCTGACA-1,Cluster 1
ATGTCTTAGGTACCTT-1,Cluster 1
ATGTCTTCAACGAGGT-1,Cluster 7
ATGTCTTTCACCGACG-1,Cluster 1
ATGTCTTTCGTGCAGC-1,Cluster 5
ATGTCTTTCTGAGAGG-1,Cluster 7
ATTACCTAGTGATTCC-1,Cluster 3
ATTACCTCAATCTCGA-1,Cluster 1
ATTACCTCACTCCGGA-1,Cluster 2
ATTACCTCATGACGTT-1,Cluster 1
ATTACCTGTAAGTAGT-1,Cluster 4
ATTACCTTCGTGGCTG-1,Cluster 5
ATTACTCAGTCCGCGT-1,Cluster 1
ATTACTCCAATTGCGT-1,Cluster 6
ATTACTCCAGTGCCTG-1,Cluster 2
ATTACTCGTAGTCCTA-1,Cluster 2
ATTACTCGTCTCGCGA-1,Cluster 1
ATTACTCGTGACAGGT-1,Cluster 1
ATTACTCTCCGCTAGG-1,Cluster 1
ATTATCCCACGTCATA-1,Cluster 4
ATTATCCGTCGAAGCA-1,Cluster 6
ATTATCCTCTAGTCAG-1,Cluster 3
ATTCACTCAGAGCCCT-1,Cluster 5
ATTCACTCATGGCCCA-1,Cluster 4
ATTCACTGTATCAGGG-1,Cluster 4
ATTCACTGTCTCGGAC-1,Cluster 1
ATTCACTGTTGTAGCT-1,Cluster 3
ATTCACTTCCATCTAT-1,Cluster 2
ATTCAGGCAGTTCCAA-1,Cluster 1
ATTCAGGGTCGGAACA-1,Cluster 1
ATTCAGGGTGTCATGT-1,Cluster 4
ATTCAGGTCACAAGGG-1,Cluster 2
ATTCATCAGGAACTCG-1,Cluster 4
ATTCATCAGTCCCAAT-1,Cluster 4
ATTCATCCATAGAGGC-1,Cluster 6
ATTCATCGTAGCGTAG-1,Cluster 7
ATTCATCTCAGCCCAG-1,Cluster 5
ATTCCATAGGCCTAGA-1,Cluster 2
ATTCCATCAAACTAAG-1,Cluster 1
ATTCCATGTACTCGAT-1,Cluster 4
ATTCCATGTATGGAGC-1,Cluster 3
ATTCCCGCACCAGGTC-1,Cluster 1
ATTCCCGCACGTAGAG-1,Cluster 1
ATTCCCGGTCAACATC-1,Cluster 6
ATTCCCGGTGTTTCTT-1,Cluster 3
ATTCCCGTCGAGTACT-1,Cluster 2
ATTCCTAAGCTTTCTT-1,Cluster 3
ATTCCTAAGGATGGCT-1,Cluster 3
ATTCCTACAACTACGT-1,Cluster 4
ATTCCTACACCAAAGG-1,Cluster 3
ATTCCTACAGCGCGTT-1,Cluster 2
ATTCCTAGTAGCGTCC-1,Cluster 3
ATTCGTTCAGATACCT-1,Cluster 4
ATTCGTTCAGTCGTTA-1,Cluster 5
ATTCGTTGTCTGTGAT-1,Cluster 5
ATTCGTTTCACCTCGT-1,Cluster 3
ATTCTACAGAGCAGCT-1,Cluster 4
ATTCTACAGTCGCTAT-1,Cluster 2
ATTCTACCAAGATGGC-1,Cluster 2
ATTCTACGTATACCCA-1,Cluster 4
ATTCTACTCCTAGCTC-1,Cluster 1
ATTCTTGAGCTGACTT-1,Cluster 2
ATTCTTGGTAAGATTG-1,Cluster 5
ATTCTTGGTACTTGTG-1,Cluster 1
ATTCTTGTCGGCCAAC-1,Cluster 3
ATTCTTGTCTTGAACG-1,Cluster 7
ATTGGGTAGGCACAAC-1,Cluster 2
ATTGGGTCAGAGCTAG-1,Cluster 4
ATTGGGTGTCCAACGC-1,Cluster 4
ATTGTTCAGGCACCAA-1,Cluster 2
ATTGTTCAGTATAGGT-1,Cluster 2
ATTGTTCCAAGAGTTA-1,Cluster 4
ATTGTTCCAGTGCGCT-1,Cluster 4
ATTGTTCGTATTAAGG-1,Cluster 1
ATTTACCGTGACCGTC-1,Cluster 3
ATTTACCTCGCTTTAT-1,Cluster 2
ATTTACCTCGTGCATA-1,Cluster 4
ATTTCACCAACGACAG-1,Cluster 3
ATTTCACCATCAGCTA-1,Cluster 3
ATTTCACCATGGCTGC-1,Cluster 4
ATTTCACTCAACTACG-1,Cluster 1
ATTTCACTCACGGGAA-1,Cluster 1
ATTTCACTCATGCCAA-1,Cluster 2
ATTTCACTCTTCTGGC-1,Cluster 3
ATTTCTGCAATTGCAC-1,Cluster 1
CAAAGAAAGGTGATCG-1,Cluster 3
CAACAACAGAGGATGA-1,Cluster 1
CAACAACAGCCTATCA-1,Cluster 3
CAACAACGTGACTCGC-1,Cluster 4
CAACAACGTGACTGAG-1,Cluster 1
CAACCAAAGACCTGGA-1,Cluster 5
CAACCAAAGACTACCT-1,Cluster 3
CAACCAACACATCATG-1,Cluster 3
CAACCAAGTCTGATCA-1,Cluster 2
CAACCAATCTGCGGCA-1,Cluster 3
CAACCTCAGACGACGT-1,Cluster 4
CAACCTCCATGACAGG-1,Cluster 3
CAACCTCGTTGGGAAC-1,Cluster 1
CAACGATAGACTCATC-1,Cluster 7
CAACGATAGTTGGAGC-1,Cluster 1
CAACGATGTAAGCTCT-1,Cluster 5
CAACGGCAGAAGCGGG-1,Cluster 2
CAACGGCAGACTCTAC-1,Cluster 3
CAACGGCTCATGGAGG-1,Cluster 1
CAACGGCTCGTGGAAG-1,Cluster 2
CAAGACTAGGCCCGTT-1,Cluster 4
CAAGACTCACTTGGCG-1,Cluster 4
CAAGACTCAGAGTTCT-1,Cluster 2
CAAGACTGTTCCGGTG-1,Cluster 2
CAAGAGGAGGCAATGC-1,Cluster 1
CAAGAGGTCTGCCTCA-1,Cluster 3
CAAGCTAAGCATGCGA-1,Cluster 3
CAAGCTACATAGGCGA-1,Cluster 2
CAAGCTATCGCAGATT-1,Cluster 4
CAAGCTATCTGGCCGA-1,Cluster 5
CAAGGGAAGACGTCCC-1,Cluster 3
CAAGGGAAGATGAAGG-1,Cluster 1
CAAGGGACAAAGCACG-1,Cluster 1
CAAGGGACAAGAGCTG-1,Cluster 2
CAAGGGATCCTGATAG-1,Cluster 7
CAATACGCAATAGTCC-1,Cluster 5
CAATACGCATCTTCGC-1,Cluster 3
CAATACGCATTCAGGT-1,Cluster 1
CAATACGTCGATCCCT-1,Cluster 1
CAATACGTCTCGCTCA-1,Cluster 1
CAATCGAAGTGATAAC-1,Cluster 1
CAATGACCACGGTCTG-1,Cluster 1
CAATGACTCTATCCAT-1,Cluster 5
CAATTTCTCTTGCGCT-1,Cluster 4
CACAACAAGCAACTTC-1,Cluster 2
CACAACATCACACCCT-1,Cluster 6
CACAACATCGCTTGCT-1,Cluster 6
CACACAAAGCCAAGTG-1,Cluster 1
CACACAAAGGGACCAT-1,Cluster 4
CACACAACAGTTAGAA-1,Cluster 6
CACACAAGTGCAGGAT-1,Cluster 1
CACACAATCTGTACAG-1,Cluster 1
CACAGATAGCAATAGT-1,Cluster 2
CACAGATAGCGCCCAT-1,Cluster 4
CACAGATGTGTTTACG-1,Cluster 4
CACAGATTCTGGGATT-1,Cluster 5
CACAGGCAGCTCTATG-1,Cluster 4
CACATGAAGGTTGACG-1,Cluster 1
CACATGAGTGTTTGCA-1,Cluster 1
CACATGATCTGTCAGA-1,Cluster 3
CACCAAAAGAGGGTAA-1,Cluster 6
CACCAAAAGCGTGAAC-1,Cluster 3
CACCGTTGTTTCCATT-1,Cluster 4
CACCGTTTCAAGTTGC-1,Cluster 4
CACCGTTTCATCACTT-1,Cluster 3
CACGAATCACGCAAAG-1,Cluster 1
CACGAATCATAACTCG-1,Cluster 3
CACGGGTCAAAGGCGT-1,Cluster 2
CACGGGTGTCTTCATT-1,Cluster 1
CACGGGTGTGCCTTTC-1,Cluster 4
CACGTGGAGCCGTAAG-1,Cluster 1
CACGTGGAGCGACTTT-1,Cluster 4
CACGTGGGTCACGTGC-1,Cluster 2
CACGTTCGTATGTCAC-1,Cluster 2
CACTAAGGTAGTCGTT-1,Cluster 2
CACTAAGGTGGACCTC-1,Cluster 4
CACTAAGTCTTTCGAT-1,Cluster 6
CACTGAAGTCGCGGTT-1,Cluster 6
CACTGGGAGAGTGTTA-1,Cluster 1
CACTGGGAGCCACCGT-1,Cluster 4
CACTGGGAGCTGTGCC-1,Cluster 2
CACTGGGAGGTCGTAG-1,Cluster 6
CACTGGGCACGACAAG-1,Cluster 7
CACTGGGCAGTAGTGG-1,Cluster 4
CACTGGGCATAGATCC-1,Cluster 1
CACTGGGGTGTTAACC-1,Cluster 5
CACTGGGGTTATCTTC-1,Cluster 5
CACTGGGTCGCACTCT-1,Cluster 5
CACTGGGTCGTGGCGT-1,Cluster 3
CACTGGGTCGTTCTAT-1,Cluster 1
CACTGTCCATGATGCT-1,Cluster 2
CACTTCGAGTAGCAAT-1,Cluster 1
CACTTCGAGTCCTGCG-1,Cluster 7
CACTTCGAGTGCTCAT-1,Cluster 7
CACTTCGTCTTGGATG-1,Cluster 1
CAGAGCCAGCCACCGT-1,Cluster 4
CAGAGCCCAGTGTGCC-1,Cluster 5
CAGAGCCCATAGGAGC-1,Cluster 5
CAGAGCCTCCTAGCGG-1,Cluster 4
CAGATACAGGCATGCA-1,Cluster 3
CAGATACGTGGACTGA-1,Cluster 1
CAGATACTCCGCACGA-1,Cluster 5
CAGATCAAGAGTCAAT-1,Cluster 3
CAGATCAAGTATTGCC-1,Cluster 1
CAGATCACACCGTGCA-1,Cluster 1
CAGATCACAGACTCTA-1,Cluster 4
CAGATCACAGCATGCC-1,Cluster 2
CAGATCAGTATCCCAA-1,Cluster 3
CAGATCATCCAAGGGA-1,Cluster 3
CAGATCATCGCGGTAC-1,Cluster 2
CAGATTGAGGACTATA-1,Cluster 6
CAGATTGAGGGCCAAT-1,Cluster 2
CAGATTGAGTAAATGC-1,Cluster 5
CAGATTGGTCCAGTTA-1,Cluster 3
CAGCAATAGAGAGGGC-1,Cluster 4
CAGCAATCACTTCATT-1,Cluster 2
CAGCAATGTTAAGGAT-1,Cluster 3
CAGCAATTCTTGGATG-1,Cluster 3
CAGCACGAGGGTACAC-1,Cluster 3
CAGCACGGTAGTAAGT-1,Cluster 2
CAGCAGCAGATAGGGA-1,Cluster 5
CAGCAGCGTACTGACT-1,Cluster 3
CAGCAGCGTATCACGT-1,Cluster 3
CAGCAGCTCCTTGAAG-1,Cluster 5
CAGCAGCTCGACCACG-1,Cluster 1
CAGCAGCTCGTGCTCT-1,Cluster 2
CAGCGTGAGTGTAGTA-1,Cluster 4
CAGCGTGCACCAAATC-1,Cluster 2
CAGCGTGCACTGAGTT-1,Cluster 1
CAGCGTGGTACAAGCG-1,Cluster 6
CAGGCCAAGGTCGCCT-1,Cluster 3
CAGGGCTAGGATTTGA-1,Cluster 4
CAGGGCTTCCGACAGC-1,Cluster 6
CAGGTATAGACTAAGT-1,Cluster 2
CAGGTATCAACCGTGC-1,Cluster 2
CAGGTATGTCCCTCAT-1,Cluster 5
CAGGTATTCCGATAGT-1,Cluster 3
CAGTGCGAGATGGCGT-1,Cluster 3
CAGTGCGAGGTCATCT-1,Cluster 3
CAGTGCGCATCAGCGC-1,Cluster 3
CAGTGCGGTCCGGATC-1,Cluster 2
CAGTGCGGTGGCAACA-1,Cluster 5
CAGTGCGGTTAGAGAT-1,Cluster 3
CAGTTAGAGATCGACG-1,Cluster 1
CAGTTCCAGGAACGCT-1,Cluster 5
CAGTTCCCACCCAATA-1,Cluster 3
CATAAGCAGTGTCATC-1,Cluster 4
CATAAGCAGTTTGTCG-1,Cluster 2
CATAAGCCAGTCAGTT-1,Cluster 4
CATAAGCGTCGCAGTC-1,Cluster 4
CATAAGCGTTAGGCCC-1,Cluster 2
CATACAGAGTCAGCCC-1,Cluster 1
CATACAGGTGTCCAAT-1,Cluster 1
CATACCCCAGCGTTGC-1,Cluster 2
CATACCCGTACTCGTA-1,Cluster 2
CATACCCGTAGCTGAG-1,Cluster 2
CATACTTAGTACGTCT-1,Cluster 1
CATACTTTCCGCGATG-1,Cluster 3
CATACTTTCGTAACCA-1,Cluster 2
CATAGACAGACAGTCG-1,Cluster 6
CATAGACCATAATGCC-1,Cluster 5
CATCAAGAGATCCCAT-1,Cluster 4
CATCAAGAGTCCGCCA-1,Cluster 1
CATCAAGGTGTAAATG-1,Cluster 4
CATCCACAGTGAGGCT-1,Cluster 6
CATCCACCAAACGGCA-1,Cluster 4
CATCCACGTCCGATCG-1,Cluster 7
CATCCACGTGAGATTA-1,Cluster 6
CATCCACTCCTTGAAG-1,Cluster 5
CATCCACTCGCTTGCT-1,Cluster 3
CATCCACTCTCGGTAA-1,Cluster 1
CATCCACTCTCTAAGG-1,Cluster 2
CATCCCAAGCAGAAAG-1,Cluster 4
CATCCCAAGGTAGATT-1,Cluster 5
CATCCCACAAGAGATT-1,Cluster 1
CATCCCACACGGCACT-1,Cluster 5
CATCCCACATAACCCA-1,Cluster 5
CATCCCATCACTGTCC-1,Cluster 5
CATCCGTAGTATGAGT-1,Cluster 1
CATCCGTCAATCTGCA-1,Cluster 2
CATCGCTAGCGATGAC-1,Cluster 4
CATCGCTTCAGACCTA-1,Cluster 4
CATCGGGGTAGGTACG-1,Cluster 1
CATCGGGGTCAGACGA-1,Cluster 6
CATCGGGTCAACACGT-1,Cluster 1
CATCGGGTCTCCACTG-1,Cluster 7
CATCGTCTCAGAATAG-1,Cluster 4
CATGAGTCACGACGTC-1,Cluster 4
CATGAGTGTACTGCCG-1,Cluster 7
CATGCAATCGACACCG-1,Cluster 5
CATGCCTTCACCCTTG-1,Cluster 4
CATGCGGAGGCTAAAT-1,Cluster 1
CATGCGGAGGGATCTG-1,Cluster 7
CATGCGGAGTCTAGCT-1,Cluster 5
CATGCGGCAAGAGTAT-1,Cluster 5
CATGCGGCACACCTAA-1,Cluster 5
CATGCGGGTATTGCCA-1,Cluster 1
CATGCGGGTTCGGTTA-1,Cluster 3
CATGCGGTCGATGGAG-1,Cluster 3
CATGCTCGTCATAGTC-1,Cluster 1
CATGCTCTCCATTTCA-1,Cluster 3
CATGGATAGGCCGCTT-1,Cluster 1
CATGGATGTGCCTTTC-1,Cluster 4
CATGGATGTTCCTTGC-1,Cluster 7
CATGGATTCCATTGCC-1,Cluster 6
CATGGATTCGCTTACC-1,Cluster 2
CATGGTACAACGATTC-1,Cluster 1
CATGGTAGTGTACAGG-1,Cluster 2
CATTCATAGGCACTAG-1,Cluster 2
CATTCATGTCCACACG-1,Cluster 2
CATTCATGTCCTGTTC-1,Cluster 1
CATTCCGAGTCAGCCC-1,Cluster 3
CATTCCGGTAGTGATA-1,Cluster 3
CATTCCGGTGTTGCCG-1,Cluster 5
CATTCCGTCGCCTAGG-1,Cluster 3
CATTCTAAGCACTTTG-1,Cluster 3
CATTCTAAGCCTGCCA-1,Cluster 6
CATTCTAGTGACCGTC-1,Cluster 1
CATTCTATCCACGTGG-1,Cluster 3
CATTCTATCCAGCCTT-1,Cluster 6
CATTCTATCCATTCAT-1,Cluster 3
CATTCTATCGAGCACC-1,Cluster 2
CATTCTATCTCGGCTT-1,Cluster 2
CATTGAGAGAAGTCCG-1,Cluster 3
CATTGAGGTATTGAGA-1,Cluster 2
CATTGAGGTTCGCGTG-1,Cluster 5
CATTGAGTCTGCGGAC-1,Cluster 2
CATTGCCCAAGATGGC-1,Cluster 4
CATTGCCCAGCCCAGT-1,Cluster 4
CATTGCCCATAGAAAC-1,Cluster 6
CATTGCCGTTAGCGGA-1,Cluster 5
CATTGTTAGACCATGG-1,Cluster 3
CATTGTTAGGAAGTAG-1,Cluster 5
CATTGTTGTTAAACCC-1,Cluster 2
CATTGTTGTTTCACAG-1,Cluster 2
CATTTCAAGTCATCGT-1,Cluster 1
CATTTCACATCGAGCC-1,Cluster 7
CATTTCACATGTTCGA-1,Cluster 3
CATTTCAGTGGTCCCA-1,Cluster 4
CATTTCAGTTGTCCCT-1,Cluster 6
CATTTCAGTTTCGACA-1,Cluster 6
CCAAGCGGTAGCTAAA-1,Cluster 1
CCAAGCGTCCGTCAAA-1,Cluster 2
CCAAGCGTCTCTTAAC-1,Cluster 1
CCAATGAAGAAAGCGA-1,Cluster 5
CCAATGACACTAAACC-1,Cluster 4
CCAATTTAGGTGGTTG-1,Cluster 5
CCAATTTCAGTCTTCC-1,Cluster 6
CCAATTTGTAAGATCA-1,Cluster 4
CCAATTTGTGTAGTGG-1,Cluster 7
CCAATTTTCTCATAGG-1,Cluster 6
CCACAAAGTGAGGAAA-1,Cluster 3
CCACAAAGTGCGGCTT-1,Cluster 1
CCACAAAGTGTTAGCT-1,Cluster 3
CCACACTCACGACGTC-1,Cluster 6
CCACCATCAGTCGCAC-1,Cluster 3
CCACCATTCCAATCCC-1,Cluster 1
CCACCATTCGAGTCTA-1,Cluster 6
CCACGAGAGGGCAGTT-1,Cluster 3
CCACGAGCACACCGCA-1,Cluster 5
CCACGAGTCCAGCCTT-1,Cluster 6
CCACGAGTCTTCGTAT-1,Cluster 4
CCACGTTAGGGAGGTG-1,Cluster 1
CCACGTTCAGCACCCA-1,Cluster 3
CCACGTTGTCGATTTG-1,Cluster 3
CCACGTTGTGTTTACG-1,Cluster 3
CCACGTTTCGAGAAGC-1,Cluster 5
CCACGTTTCGGTCTGG-1,Cluster 1
CCACTTGAGAAGGGAT-1,Cluster 5
CCACTTGAGAGTTCGG-1,Cluster 1
CCACTTGCAATTTCCT-1,Cluster 1
CCACTTGGTAGCCAGA-1,Cluster 6
CCATAAGGTATGCGGA-1,Cluster 4
CCATAAGGTGAGTTTC-1,Cluster 6
CCATAAGTCTGTGCTC-1,Cluster 4
CCATCACGTATCGGTT-1,Cluster 1
CCATCACGTGTTTGCA-1,Cluster 3
CCCAACTAGACTCCGC-1,Cluster 5
CCCAACTAGAGGCGGA-1,Cluster 2
CCCAACTGTACTTGTG-1,Cluster 2
CCCAACTGTCGAGCAA-1,Cluster 5
CCCAACTGTTGGGTTT-1,Cluster 2
CCCAACTTCATTACGG-1,Cluster 2
CCCATTGGTACAGAAT-1,Cluster 6
CCCATTGGTGCTCTTC-1,Cluster 1
CCCATTGGTGTCGCTG-1,Cluster 1
CCCGAAGAGTTAACAG-1,Cluster 1
CCCGAAGCAAACCACT-1,Cluster 2
CCCGAAGCATCCTCAC-1,Cluster 3
CCCGAAGTCACACGAT-1,Cluster 5
CCCGGAAAGCTGAGTG-1,Cluster 1
CCCGGAACACTCCGGA-1,Cluster 1
CCCTAACAGCTGTCCG-1,Cluster 1
CCCTAACCATTGTACG-1,Cluster 5
CCCTAACGTAACATGA-1,Cluster 6
CCCTAACTCATTCTTG-1,Cluster 1
CCCTCAAAGAACAAGG-1,Cluster 3
CCCTCAATCATTACTC-1,Cluster 3
CCCTCTCCAACGATCT-1,Cluster 1
CCCTCTCCACAAAGCG-1,Cluster 2
CCCTCTCCACGTACTA-1,Cluster 6
CCCTCTCCAGCGTACC-1,Cluster 5
CCCTGATGTCGACTGC-1,Cluster 3
CCCTGATTCCCTCTCC-1,Cluster 2
CCCTTAGAGGAAACGA-1,Cluster 6
CCCTTAGGTCCGATCG-1,Cluster 1
CCCTTAGGTGCGTGCT-1,Cluster 2
CCGAACGTCAACTCTT-1,Cluster 4
CCGATCTAGAATTCAG-1,Cluster 3
CCGATCTCATAGATGA-1,Cluster 3
CCGATCTGTCCACTCT-1,Cluster 5
CCGATGGAGCCAGTAG-1,Cluster 5
CCGATGGCATGACGTT-1,Cluster 7
CCGATGGTCCTACTGC-1,Cluster 4
CCGCAAGAGACGAGCT-1,Cluster 2
CCGCAAGTCGTTACCC-1,Cluster 4
CCGGACACAGTCCCGA-1,Cluster 2
CCGGACATCCTCGATC-1,Cluster 3
CCGGACATCGTGAGAG-1,Cluster 4
CCGGGTAAGAGTCTGG-1,Cluster 2
CCGGGTAGTTCCACAA-1,Cluster 2
CCGGGTATCGAGCTGC-1,Cluster 2
CCGGGTATCTATTTCG-1,Cluster 3
CCGGGTATCTGAACGT-1,Cluster 1
CCGGTAGAGGCCTTGC-1,Cluster 7
CCGGTAGAGTCTGTAC-1,Cluster 5
CCGGTAGCAATAACGA-1,Cluster 6
CCGGTAGCATTCACAG-1,Cluster 6
CCGGTAGGTGGAATGC-1,Cluster 5
CCGGTAGTCCTTGAAG-1,Cluster 2
CCGGTGAAGAGAGCCT-1,Cluster 2
CCGGTGATCAACTTTC-1,Cluster 7
CCGGTGATCCACGTAA-1,Cluster 4
CCGTAGGAGTGGTTCT-1,Cluster 5
CCGTAGGCAGACTCTA-1,Cluster 1
CCGTAGGGTGCCTAAT-1,Cluster 3
CCGTGAGAGGGACAGG-1,Cluster 5
CCGTGAGCACAAGTGG-1,Cluster 4
CCGTGAGGTATAGGGC-1,Cluster 2
CCGTGAGGTGTATTGC-1,Cluster 2
CCGTGAGGTTTACCAG-1,Cluster 1
CCGTGAGTCATATGGC-1,Cluster 4
CCGTGAGTCGTCCATC-1,Cluster 5
CCGTTCATCTGAACGT-1,Cluster 3
CCTAACCAGGGCGAGA-1,Cluster 2
CCTAACCCAAGAATAC-1,Cluster 4
CCTAACCCACAACGTT-1,Cluster 7
CCTAACCTCCCTGGTT-1,Cluster 5
CCTAAGAAGACATCCT-1,Cluster 4
CCTAAGAGTCGGCCTA-1,Cluster 5
CCTAAGATCCATTCGC-1,Cluster 7
CCTACGTGTCGATTAC-1,Cluster 2
CCTACGTTCACGAACT-1,Cluster 3
CCTATCGCACGGATCC-1,Cluster 3
CCTATCGGTAGGTGCA-1,Cluster 1
CCTATCGGTGCGAACA-1,Cluster 2
CCTCAACAGAGGCGTT-1,Cluster 2
CCTCAACAGCAGCCTC-1,Cluster 5
CCTCAACAGGTTTGAA-1,Cluster 2
CCTCAACCAGATAAAC-1,Cluster 3
CCTCAACCATCTAGAC-1,Cluster 2
CCTCAACGTCTTGAAC-1,Cluster 1
CCTCAACGTGTCATTG-1,Cluster 2
CCTCAACTCCTTCTTC-1,Cluster 6
CCTCAACTCGCACTCT-1,Cluster 5
CCTCAACTCTCGCTTG-1,Cluster 1
CCTCACACACACCGCA-1,Cluster 3
CCTCACAGTCGTTATG-1,Cluster 5
CCTCACAGTGCTCGTG-1,Cluster 1
CCTCACATCTTTCCAA-1,Cluster 1
CCTCAGTAGTAACCTC-1,Cluster 2
CCTCAGTTCAATCAGC-1,Cluster 7
CCTCATGAGGGTTAGC-1,Cluster 2
CCTCCAAAGGAACATT-1,Cluster 3
CCTCCAACAATAGTGA-1,Cluster 4
CCTCCAAGTGCCCAGT-1,Cluster 1
CCTCCTCAGCCGGAAT-1,Cluster 1
CCTCCTCCAACAACAA-1,Cluster 2
CCTCCTCCATATACCG-1,Cluster 2
CCTCCTCTCAGCTAGT-1,Cluster 2
CCTCCTCTCGCTGTTC-1,Cluster 5
CCTCTAGAGATTGGGC-1,Cluster 2
CCTCTCCAGGATTTAG-1,Cluster 1
CCTCTCCTCACGTAGT-1,Cluster 2
CCTGCATCAGGTTACT-1,Cluster 5
CCTGCATTCGGCATAT-1,Cluster 5
CCTGCATTCGGCCCAA-1,Cluster 5
CCTGTTGCACTAAACC-1,Cluster 2
CCTGTTGTCATCCTGC-1,Cluster 6
CCTTCAGAGGTATAGT-1,Cluster 3
CCTTCAGGTAGATTAG-1,Cluster 7
CCTTGTGCACAACATC-1,Cluster 1
CCTTGTGCACAATGTC-1,Cluster 4
CCTTGTGCATTGTAGC-1,Cluster 5
CCTTGTGTCAAGTGGG-1,Cluster 3
CCTTTGGAGTGGCGAT-1,Cluster 3
CCTTTGGCATCCTAAG-1,Cluster 5
CCTTTGGCATCCTTGC-1,Cluster 5
CCTTTGGGTGCGGCTT-1,Cluster 4
CGAAGGATCCTGTTAT-1,Cluster 3
CGAAGGATCGTGCACG-1,Cluster 3
CGAAGTTAGGCTTTCA-1,Cluster 2
CGAAGTTTCCGCACTT-1,Cluster 1
CGAAGTTTCGAACACT-1,Cluster 4
CGAAGTTTCTGCACCT-1,Cluster 3
CGAAGTTTCTGGACCG-1,Cluster 1
CGAATTGAGTACCCTA-1,Cluster 1
CGAATTGCAAGAAACT-1,Cluster 1
CGAATTGGTAATTGGA-1,Cluster 5
CGAATTGTCGAGTCCG-1,Cluster 1
CGACAGCAGGAAAGTG-1,Cluster 1
CGACAGCGTCCCGGTA-1,Cluster 2
CGACAGCGTCTCAGAT-1,Cluster 3
CGACAGCTCTACCTTA-1,Cluster 7
CGACAGCTCTGCAGCG-1,Cluster 1
CGACAGCTCTGTTGGA-1,Cluster 4
CGAGAAGCATTGAAAG-1,Cluster 2
CGAGAAGTCCTCTTTC-1,Cluster 6
CGAGAAGTCGCAATTG-1,Cluster 4
CGAGAAGTCTTAAGGC-1,Cluster 5
CGAGGAAAGCATCGAG-1,Cluster 2
CGAGGAACACACCTAA-1,Cluster 4
CGAGGAACACCGTGAC-1,Cluster 3
CGAGGAAGTAGGACCA-1,Cluster 7
CGAGGCTTCCCTTGTG-1,Cluster 1
CGAGGCTTCGATTTCT-1,Cluster 6
CGAGTGCCAGGCTTGC-1,Cluster 4
CGAGTGCGTAGCTTGT-1,Cluster 7
CGAGTGCGTCAATGGG-1,Cluster 2
CGAGTGCGTGCTGTCG-1,Cluster 1
CGAGTTAAGATCCAAA-1,Cluster 6
CGAGTTATCGATTCCC-1,Cluster 3
CGAGTTATCTCGCTCA-1,Cluster 3
CGATCGGAGGTAGACC-1,Cluster 5
CGATGCGAGGCATCGA-1,Cluster 5
CGATGCGAGGCGAAGG-1,Cluster 6
CGATGCGCAAGCTGCC-1,Cluster 4
CGATGCGCAAGGTTGG-1,Cluster 3
CGATGCGCACACTTAG-1,Cluster 1
CGATGCGGTCGTGATT-1,Cluster 1
CGATGCGTCATCCTAT-1,Cluster 4
CGATGCGTCCATTCAT-1,Cluster 2
CGCAGGTAGCGTACAG-1,Cluster 2
CGCAGGTAGGGTCAAC-1,Cluster 4
CGCAGGTCACACACGC-1,Cluster 5
CGCAGGTTCTCGAGTA-1,Cluster 4
CGCATAAAGGATATAC-1,Cluster 5
CGCATAAAGGCATGGT-1,Cluster 2
CGCATAACAAGCGATG-1,Cluster 3
CGCATAACAGACACCC-1,Cluster 3
CGCATAAGTTGGCTAT-1,Cluster 5
CGCATAATCCACCTGT-1,Cluster 7
CGCATGGGTACTCGTA-1,Cluster 4
CGCCAGATCGAGCACC-1,Cluster 3
CGCCAGATCGTGACTA-1,Cluster 5
CGCCAGATCTTCGACC-1,Cluster 3
CGCCATTCAAACTCGT-1,Cluster 4
CGCCATTTCCAGCACG-1,Cluster 4
CGCGTGACATCATCTT-1,Cluster 4
CGGAACCAGCTCAGAG-1,Cluster 3
CGGAATTAGTTGGCTT-1,Cluster 2
CGGAATTCAGTCGCTG-1,Cluster 1
CGGAATTGTAGCTGCC-1,Cluster 1
CGGAATTGTTTCCATT-1,Cluster 1
CGGAATTTCCATCGTC-1,Cluster 5
CGGACACGTGACCTGC-1,Cluster 1
CGGAGAATCGAGAGCA-1,Cluster 6
CGGCAGTAGTCGCCAC-1,Cluster 4
CGGCAGTTCCAGGACC-1,Cluster 6
CGGGACTAGATGCTAA-1,Cluster 2
CGGGACTAGGAGGCAG-1,Cluster 3
CGGGACTAGTATCTGC-1,Cluster 3
CGGGACTCAATAGAGT-1,Cluster 3
CGGGACTCATACCAGT-1,Cluster 2
CGGGACTTCACGATAC-1,Cluster 1
CGGGCATGTAATGCTC-1,Cluster 2
CGGGCATGTAGGATAT-1,Cluster 1
CGGGCATGTGACAGCA-1,Cluster 6
CGGGCATGTGCGTTTA-1,Cluster 3
CGGGCATTCGACGTCG-1,Cluster 7
CGGGCATTCGTCTCAC-1,Cluster 1
CGGGTCAAGAATCGCG-1,Cluster 4
CGGGTCACAACCAATC-1,Cluster 2
CGGGTGTCACTGAGTT-1,Cluster 3
CGGGTGTGTTTAGAGA-1,Cluster 2
CGGGTGTTCGGTCTGG-1,Cluster 7
CGGTCAGAGCGCCTTG-1,Cluster 1
CGTAAGTCAACAAGTA-1,Cluster 2
CGTAAGTTCTGATTCT-1,Cluster 5
CGTAATGCACAGTACT-1,Cluster 1
CGTAATGCACGGCCAT-1,Cluster 2
CGTAATGCACTACGGC-1,Cluster 3
CGTAGTATCCCATTCG-1,Cluster 1
CGTCAAACAAGGTCTT-1,Cluster 3
CGTCAAAGTTGTTGTG-1,Cluster 2
CGTCCATCACATTACG-1,Cluster 3
CGTCCATGTGCAGATG-1,Cluster 3
CGTCCATTCTCGGCTT-1,Cluster 1
CGTGAATAGTGGCGAT-1,Cluster 5
CGTGAATAGTGTACCT-1,Cluster 3
CGTGAATTCGGCTGGT-1,Cluster 4
CGTGATAAGAGATGCC-1,Cluster 2
CGTGATAAGCCTCATA-1,Cluster 4
CGTGATAAGTCGCTAT-1,Cluster 3
CGTGATACAAGTACCT-1,Cluster 2
CGTGATAGTATGGAAT-1,Cluster 5
CGTGATAGTCGGAACA-1,Cluster 6
CGTGATAGTCTGTGCG-1,Cluster 1
CGTGATAGTTCATCGA-1,Cluster 3
CGTGATATCGCTACGG-1,Cluster 4
CGTGCTTCAAAGCACG-1,Cluster 2
CGTGCTTCAGAACTCT-1,Cluster 4
CGTGCTTGTACTCCCT-1,Cluster 2
CGTGTCTCAGCAGTTT-1,Cluster 3
CGTGTCTTCCTAAACG-1,Cluster 3
CGTTAGAAGAACGCGT-1,Cluster 3
CGTTAGACATCTTCGC-1,Cluster 5
CGTTCTGAGATTAGTG-1,Cluster 2
CGTTCTGGTCTGTAGT-1,Cluster 6
CGTTCTGTCTCGTCAC-1,Cluster 5
CGTTGGGCAGGATGAC-1,Cluster 2
CTAACCCAGGCACCAA-1,Cluster 4
CTAACCCAGTATGTAG-1,Cluster 3
CTAACCCCAAGACAAT-1,Cluster 1
CTAACCCCACCTCTGT-1,Cluster 1
CTAACCCCAGGTTTAC-1,Cluster 2
CTAACCCTCTGACAGT-1,Cluster 5
CTAACTTAGCAGCCTC-1,Cluster 3
CTAACTTAGGCAGCTA-1,Cluster 2
CTAACTTAGGGTGAAA-1,Cluster 1
CTAACTTCACGGCACT-1,Cluster 6
CTAACTTGTGCTAGCC-1,Cluster 3
CTAACTTGTTAGAGTA-1,Cluster 1
CTAAGTGAGAGGTATT-1,Cluster 5
CTAAGTGCAGTAGTTC-1,Cluster 4
CTAAGTGTCTCACCCA-1,Cluster 7
CTACAGAAGCGAGGAG-1,Cluster 5
CTACAGAAGTGACACG-1,Cluster 4
CTACAGAGTCAGGTAG-1,Cluster 1
CTACAGAGTTAAGCAA-1,Cluster 4
CTACATTAGGTCCCTG-1,Cluster 2
CTACATTGTACGGGAT-1,Cluster 3
CTACCCAGTATAATGG-1,Cluster 2
CTACCCAGTGAGATTA-1,Cluster 4
CTACCTGAGAAGGCTC-1,Cluster 1
CTACCTGAGTGCTCGC-1,Cluster 2
CTACCTGCACGGTGAA-1,Cluster 1
CTACCTGCAGGTTCGC-1,Cluster 4
CTACCTGGTGGCGCTT-1,Cluster 2
CTACCTGTCCTGTACC-1,Cluster 3
CTACGGGGTCCGGATC-1,Cluster 5
CTACGGGTCAGATGCT-1,Cluster 4
CTACTATCAATGGCAG-1,Cluster 2
CTACTATCACCGAATT-1,Cluster 3
CTACTATCAGCGGATA-1,Cluster 5
CTACTATGTCCAGTTA-1,Cluster 5
CTACTATTCCATCAGA-1,Cluster 1
CTACTATTCGGCTCTT-1,Cluster 7
CTAGACAAGTTGTACC-1,Cluster 2
CTAGACACAATAACGA-1,Cluster 3
CTAGACACAGCGACCT-1,Cluster 2
CTAGACAGTAATACCC-1,Cluster 4
CTAGGTACACGGATCC-1,Cluster 7
CTAGGTAGTCATTCCC-1,Cluster 2
CTAGGTATCGCGGTAC-1,Cluster 3
CTAGGTATCGGTCTGG-1,Cluster 2
CTAGGTATCTCGGCTT-1,Cluster 2
CTATAGGGTACCTATG-1,Cluster 4
CTATCCGGTAGGATAT-1,Cluster 7
CTATCCGGTCGCGGTT-1,Cluster 3
CTATCCGGTGATAGTA-1,Cluster 2
CTATCCGTCTCGTGGG-1,Cluster 6
CTATCTATCTGCCCTA-1,Cluster 4
CTCAACCAGTCCTGCG-1,Cluster 4
CTCAACCGTGAAAGTT-1,Cluster 1
CTCAACCGTTATGACC-1,Cluster 6
CTCAACCGTTGCTTGA-1,Cluster 7
CTCAAGAAGTGCTCGC-1,Cluster 2
CTCAAGACAAGCGAGT-1,Cluster 3
CTCAAGACACCGTACG-1,Cluster 1
CTCAAGACACCTGATA-1,Cluster 3
CTCAAGACAGAGGCAT-1,Cluster 2
CTCACTGCATAATCGC-1,Cluster 3
CTCAGAAAGGGAGATA-1,Cluster 5
CTCAGAATCATTTCGT-1,Cluster 2
CTCAGAATCCTAAACG-1,Cluster 4
CTCAGGGAGCGACTAG-1,Cluster 3
CTCAGGGGTTTCGTGA-1,Cluster 6
CTCAGTCCATGCAGCC-1,Cluster 6
CTCAGTCTCACAGTGT-1,Cluster 5
CTCAGTCTCACATCAG-1,Cluster 3
CTCAGTCTCATTGAGC-1,Cluster 2
CTCAGTCTCCACTGGG-1,Cluster 5
CTCATCGAGATGCGAC-1,Cluster 3
CTCATCGGTGGCATCC-1,Cluster 3
CTCATCGTCCGCGATG-1,Cluster 1
CTCATGCAGGGTGGGA-1,Cluster 2
CTCATGCCACCCGTAG-1,Cluster 3
CTCATGCCAGACACCC-1,Cluster 1
CTCATGCCATTAAAGG-1,Cluster 2
CTCATGCGTGCACAAG-1,Cluster 5
CTCATGCGTGTGGACA-1,Cluster 4
CTCATGCGTTGGATCT-1,Cluster 4
CTCATGCTCGAGCACC-1,Cluster 1
CTCATTAAGCTCAGAG-1,Cluster 4
CTCATTACAAGAGATT-1,Cluster 5
CTCATTAGTCATAGTC-1,Cluster 3
CTCCAACGTTTCGTAG-1,Cluster 3
CTCCAACTCAGCCTCT-1,Cluster 5
CTCCAACTCGAGTCTA-1,Cluster 5
CTCCACAAGAAGCCAC-1,Cluster 1
CTCCACACAACACTAC-1,Cluster 5
CTCCACACACGGATCC-1,Cluster 5
CTCCACAGTCCGGCAT-1,Cluster 2
CTCCACAGTGTCCTAA-1,Cluster 7
CTCCACAGTGTTGATC-1,Cluster 6
CTCCATGAGACTTGTC-1,Cluster 2
CTCCATGAGCACGGAT-1,Cluster 3
CTCCATGAGTCTAGCT-1,Cluster 2
CTCCATGGTGACGTCC-1,Cluster 7
CTCCATGTCATAGCAC-1,Cluster 1
CTCCCAATCATGCCAA-1,Cluster 4
CTCCCAATCTTCACAT-1,Cluster 3
CTCCCTCAGATGATTG-1,Cluster 1
CTCCCTCAGGTCGAGT-1,Cluster 2
CTCCGATCACGTAGTT-1,Cluster 3
CTCCGATGTATCTTCT-1,Cluster 2
CTCCGATGTGTGAGCA-1,Cluster 2
CTCCGATTCCTTGAAG-1,Cluster 2
CTCCTCCGTCGTTATG-1,Cluster 4
CTCCTTTTCGTTGCCT-1,Cluster 3
CTCGAGGAGGACGCTA-1,Cluster 5
CTCGAGGCAGGTGAGT-1,Cluster 2
CTCTCAGGTTCTCCCA-1,Cluster 2
CTCTCAGTCAGCGTCG-1,Cluster 3
CTCTCGAAGAAGCGGG-1,Cluster 3
CTCTGGTAGAGCCCAA-1,Cluster 2
CTGAATGCACGGTCTG-1,Cluster 7
CTGAATGGTCTTGAGT-1,Cluster 1
CTGAGCGCAAGTATCC-1,Cluster 3
CTGAGCGGTCCGCAGT-1,Cluster 2
CTGAGGCAGCGCCATC-1,Cluster 6
CTGAGGCAGCGGTATG-1,Cluster 5
CTGAGGCCACCCTGTT-1,Cluster 6
CTGAGGCGTACCGCGT-1,Cluster 7
CTGATCCTCACGACTA-1,Cluster 3
CTGATCCTCCACATAG-1,Cluster 3
CTGATCCTCGCTCATC-1,Cluster 2
CTGCAGGCAAGGCCTC-1,Cluster 4
CTGCAGGCATGACAGG-1,Cluster 6
CTGCATCAGTGGAAGA-1,Cluster 5
CTGCATCCACCAGCGT-1,Cluster 1
CTGCATCGTAACCCGC-1,Cluster 6
CTGCATCGTGCTCTCT-1,Cluster 1
CTGCATCTCCAACTGA-1,Cluster 4
CTGCCATCAGGCCTGT-1,Cluster 5
CTGCCATGTGTCATGT-1,Cluster 2
CTGCCTAGTGGCTACC-1,Cluster 6
CTGCCTAGTTGAGAGC-1,Cluster 6
CTGCGAGAGTAGACAT-1,Cluster 1
CTGCGAGGTCTAGTGT-1,Cluster 1
CTGCTCAGTATCACCA-1,Cluster 3
CTGCTCAGTGTCGATT-1,Cluster 2
CTGCTCATCGCAGTGC-1,Cluster 6
CTGGACGAGCTCGAAG-1,Cluster 6
CTGGACGGTTGTAGCT-1,Cluster 1
CTGGACGGTTTACCAG-1,Cluster 2
CTGGCAGGTAACAAGT-1,Cluster 3
CTGGCAGGTAGCCAGA-1,Cluster 6
CTGGCAGGTCGCTGCA-1,Cluster 3
CTGGCAGTCCTATTTG-1,Cluster 5
CTGGTCTAGATGTTAG-1,Cluster 5
CTGGTCTAGGGCAGAG-1,Cluster 2
CTGGTCTAGTGCTCGC-1,Cluster 5
CTGGTCTCAATACCTG-1,Cluster 4
CTGGTCTGTTGACTAC-1,Cluster 3
CTGGTCTTCTCTCGCA-1,Cluster 6
CTGTACCCAAGACAAT-1,Cluster 1
CTGTACCGTAACGCGA-1,Cluster 7
CTGTACCGTAGTCTGT-1,Cluster 2
CTGTAGAAGGTGGCTA-1,Cluster 6
CTGTAGAGTCGTCTCT-1,Cluster 4
CTGTAGATCTGGCCAG-1,Cluster 5
CTGTATTAGCGTTGTT-1,Cluster 4
CTGTATTTCGGTATGT-1,Cluster 3
CTGTCGTAGGACATCG-1,Cluster 5
CTGTCGTAGGCTGGAT-1,Cluster 7
CTGTCGTCAAACTCTG-1,Cluster 5
CTGTCGTCATCATTTC-1,Cluster 4
CTGTCGTGTATGGTAA-1,Cluster 2
CTGTCGTGTTCTCCAC-1,Cluster 1
CTGTGAACACGGCTAC-1,Cluster 5
CTGTGAACAGTCGAGA-1,Cluster 1
CTGTGAAGTAGGCTGA-1,Cluster 6
CTGTGAAGTGAACTAA-1,Cluster 5
CTGTGAAGTTTCGATG-1,Cluster 1
CTGTGAATCCGGTTCT-1,Cluster 2
CTGTGGGAGAACGCGT-1,Cluster 1
CTGTGGGCAGTTTCGA-1,Cluster 3
CTGTGGGGTATCTCGA-1,Cluster 1
CTGTGGGGTCAATCTG-1,Cluster 1
CTGTGGGGTCTCGCGA-1,Cluster 4
CTGTGGGTCTCATTTG-1,Cluster 7
CTTACCGCACCACTGG-1,Cluster 1
CTTACCGGTATCCCAA-1,Cluster 2
CTTACCGTCGTTCCCA-1,Cluster 1
CTTACCGTCTGAATGC-1,Cluster 4
CTTAGGAAGGGACACT-1,Cluster 1
CTTAGGATCACAATGC-1,Cluster 6
CTTAGGATCTGAGTCA-1,Cluster 6
CTTCAATAGGTCACCC-1,Cluster 5
CTTCCGACAAAGCACG-1,Cluster 4
CTTCCGACAGCAGTAG-1,Cluster 4
CTTCCGAGTAAGTCAA-1,Cluster 3
CTTCCGAGTCGCCTAG-1,Cluster 6
CTTCCGAGTGCACATT-1,Cluster 3
CTTCCGATCTGTAAGC-1,Cluster 7
CTTCCTTAGCTTTGTG-1,Cluster 4
CTTCCTTCACTAAACC-1,Cluster 6
CTTCCTTGTCTCAGAT-1,Cluster 3
CTTCCTTGTTTGGAAA-1,Cluster 6
CTTCCTTTCACTTCTA-1,Cluster 4
CTTCTAACACGCGTGT-1,Cluster 6
CTTCTAAGTATGTCTG-1,Cluster 2
CTTCTAAGTCGACTTA-1,Cluster 7
CTTCTAATCTACGGGC-1,Cluster 6
CTTCTCTAGCAAGGAA-1,Cluster 4
CTTCTCTCACGCTGAC-1,Cluster 3
CTTCTCTGTACCATAC-1,Cluster 4
CTTCTCTGTAGAATGT-1,Cluster 2
CTTGAGAAGAACAGGA-1,Cluster 3
CTTGAGACAACACTAC-1,Cluster 4
CTTGAGACACGCTGTG-1,Cluster 6
CTTGAGAGTCACTAGT-1,Cluster 4
CTTGAGAGTTCCTAAG-1,Cluster 1
CTTGATTAGACCGTTT-1,Cluster 2
CTTGATTAGCCTATTG-1,Cluster 6
CTTGATTCACCGGCTA-1,Cluster 7
CTTGATTCACTGATTG-1,Cluster 1
CTTGATTGTCGCATCG-1,Cluster 5
CTTTCAAAGTTAACAG-1,Cluster 4
CTTTCAACAACACGAG-1,Cluster 2
CTTTCAACAGAGGACT-1,Cluster 2
CTTTCAATCAGGGTAG-1,Cluster 3
CTTTCAATCGAACTCA-1,Cluster 1
CTTTCAATCGAAGTGG-1,Cluster 1
CTTTCGGCAGCGGTCT-1,Cluster 4
CTTTCGGGTACGATGG-1,Cluster 5
CTTTCGGTCACCATAG-1,Cluster 7
GAAACCTAGAGTCTGG-1,Cluster 7
GAAACCTGTTGTCTAG-1,Cluster 5
GAAACCTTCAACTGAC-1,Cluster 4
GAAACCTTCCACATAG-1,Cluster 1
GAAACCTTCGAATCCA-1,Cluster 3
GAAATGACAGAGTTGG-1,Cluster 4
GAACACTAGTAACGTA-1,Cluster 4
GAACACTTCTGGCCGA-1,Cluster 1
GAACGTTAGAGGTCGT-1,Cluster 5
GAACGTTCACACCAGC-1,Cluster 3
GAACGTTCACACCGCA-1,Cluster 3
GAACGTTGTACCTATG-1,Cluster 2
GAACTGTCAAAGACTA-1,Cluster 4
GAACTGTGTTGTTGTG-1,Cluster 2
GAAGAATAGGTTCCGC-1,Cluster 6
GAAGAATAGTAGCATA-1,Cluster 5
GAAGAATCACTGCATA-1,Cluster 3
GAAGAATGTATCGTTG-1,Cluster 1
GAAGAATGTTAGGGTG-1,Cluster 2
GAAGAATTCTCATTTG-1,Cluster 6
GAAGCCCAGCAACAGC-1,Cluster 4
GAAGCCCGTACGTGTT-1,Cluster 4
GAAGCGAAGGTGCGAT-1,Cluster 1
GAAGCGACATGACTGT-1,Cluster 1
GAAGCGAGTGCTTATG-1,Cluster 7
GAAGCGAGTGCTTCAA-1,Cluster 3
GAAGGACCAGCAGATG-1,Cluster 3
GAAGGACTCCTTCAGC-1,Cluster 1
GAAGGGTGTCCTCCAT-1,Cluster 7
GAAGGGTTCCGAACGC-1,Cluster 6
GAAGGGTTCTAGCAAC-1,Cluster 3
GAAGTAAAGCGCCTTG-1,Cluster 7
GAAGTAACACGTTCGG-1,Cluster 5
GAAGTAACATTCAGCA-1,Cluster 4
GAAGTAAGTATACCTG-1,Cluster 4
GAAGTAAGTATTTCCT-1,Cluster 2
GAAGTAATCGTGGACC-1,Cluster 3
GAATAGAAGTCATGGG-1,Cluster 4
GAATAGAAGTGGCCTC-1,Cluster 5
GAATAGAGTCACCTTC-1,Cluster 1
GAATAGAGTGGTACAG-1,Cluster 5
GAATAGATCACCTCAC-1,Cluster 1
GAATAGATCGGTCAGC-1,Cluster 4
GAATAGATCGTGGAAG-1,Cluster 1
GAATCACAGCAATAGT-1,Cluster 1
GAATCACTCTTTGCGC-1,Cluster 3
GAATCGTCACGAAAGC-1,Cluster 3
GAATCGTGTGGAACCA-1,Cluster 5
GAATCGTTCTGCTGAA-1,Cluster 5
GACACGCAGACTTGTC-1,Cluster 2
GACACGCAGGGACACT-1,Cluster 4
GACACGCTCTCGAGTA-1,Cluster 4
GACAGCCGTAATCAAG-1,Cluster 4
GACAGCCGTGGACTGA-1,Cluster 4
GACAGCCTCTACACAG-1,Cluster 5
GACAGCCTCTTTCGAT-1,Cluster 4
GACATCAAGCCAAGTG-1,Cluster 3
GACATCAGTCGAACAG-1,Cluster 1
GACATCATCGTAGGAG-1,Cluster 3
GACCAATAGAGCAGAA-1,Cluster 1
GACCAATAGGTACAGC-1,Cluster 2
GACCAATGTTGCTCGG-1,Cluster 1
GACCAATGTTTGAAAG-1,Cluster 1
GACCAATTCTTAGTTC-1,Cluster 3
GACCCAGAGTATAGGT-1,Cluster 5
GACCCAGCAGCGTAGA-1,Cluster 6
GACCCAGGTTGCATGT-1,Cluster 2
GACCCTTCAGAAGTTA-1,Cluster 6
GACCCTTCAGCAGACA-1,Cluster 1
GACCGTGAGTCACAGG-1,Cluster 1
GACCGTGCAGTCCGTG-1,Cluster 5
GACCGTGGTCACCGCA-1,Cluster 1
GACCTTCAGGGTGAGG-1,Cluster 4
GACCTTCTCCGGACGT-1,Cluster 1
GACCTTCTCTACTCAT-1,Cluster 5
GACGCTGAGCACTCAT-1,Cluster 5
GACGCTGCAAGAGATT-1,Cluster 3
GACGCTGCAGGCGTTC-1,Cluster 1
GACGTTACATAAGATG-1,Cluster 4
GACGTTAGTCATCCCT-1,Cluster 6
GACGTTAGTCGTATGT-1,Cluster 2
GACGTTATCGAGATGG-1,Cluster 3
GACTATGGTCTTGCTC-1,Cluster 5
GACTATGGTTATAGAG-1,Cluster 3
GACTATGTCGACGATT-1,Cluster 1
GACTATGTCTTACCAT-1,Cluster 3
GACTCAAAGACGATAT-1,Cluster 7
GACTCAATCATAGACC-1,Cluster 5
GACTCAATCGAGAGAC-1,Cluster 5
GACTCAATCTGCAGCG-1,Cluster 2
GACTCTCAGAGGCCAT-1,Cluster 1
GACTCTCAGTAACGAT-1,Cluster 7
GACTGATCACGTAGTT-1,Cluster 6
GACTGATCAGACCTAT-1,Cluster 6
GACTGATGTTGACTGT-1,Cluster 2
GACTGATGTTGTTTGG-1,Cluster 5
GACTGATTCTGGGTCG-1,Cluster 5
GACTTCCCATCGCCTT-1,Cluster 2
GACTTCCGTCACCTTC-1,Cluster 3
GAGAAATCAGGACTAG-1,Cluster 4
GAGAAATCATCACCAA-1,Cluster 5
GAGAAATTCATCACCC-1,Cluster 4
GAGACCCAGCATGTTC-1,Cluster 3
GAGACCCAGGCCATAG-1,Cluster 3
GAGACCCCAAGATTGA-1,Cluster 2
GAGACCCCAATCGCCG-1,Cluster 3
GAGACCCCACGACCTG-1,Cluster 3
GAGACCCCATAGTCAC-1,Cluster 1
GAGACCCTCGCGCCAA-1,Cluster 3
GAGACTTAGCAGTACG-1,Cluster 1
GAGACTTAGCGAGTCA-1,Cluster 2
GAGACTTGTCTGTTAG-1,Cluster 1
GAGACTTGTTATAGCC-1,Cluster 3
GAGACTTTCATGGGAG-1,Cluster 6
GAGACTTTCGAGCCTG-1,Cluster 1
GAGAGGTAGGAGCTGT-1,Cluster 5
GAGAGGTAGTTCATCG-1,Cluster 2
GAGAGGTCAATCGCAT-1,Cluster 3
GAGAGGTCACTTACAG-1,Cluster 2
GAGAGGTTCACGGACC-1,Cluster 4
GAGAGGTTCGACGATT-1,Cluster 1
GAGAGGTTCGCTTGCT-1,Cluster 2
GAGATGGCACTGGATT-1,Cluster 3
GAGATGGGTACCACGC-1,Cluster 5
GAGATGGGTTGCAACT-1,Cluster 4
GAGATGGTCCTGGCTT-1,Cluster 4
GAGATGGTCGACTCCT-1,Cluster 1
GAGCCTGAGAGAATCT-1,Cluster 1
GAGCCTGAGATCCTAC-1,Cluster 5
GAGCCTGAGCGATGCA-1,Cluster 1
GAGCCTGAGCTAGAAT-1,Cluster 4
GAGCCTGCAAGCAATA-1,Cluster 1
GAGCCTGCAGTAGAAT-1,Cluster 1
GAGCCTGGTGATTCAC-1,Cluster 1
GAGCCTGTCTGGTCAA-1,Cluster 4
GAGCTGCAGGAAGTCC-1,Cluster 5
GAGCTGCCACTCTCGT-1,Cluster 2
GAGCTGCCATTCAGCA-1,Cluster 1
GAGCTGCGTGTATTGC-1,Cluster 1
GAGGCAAAGTGATCGG-1,Cluster 2
GAGGCAACATCGATCA-1,Cluster 2
GAGGCAATCGTCTCAC-1,Cluster 2
GAGGGATAGGACACTG-1,Cluster 2
GAGGGATGTGCAGATG-1,Cluster 5
GAGGGATGTTCCGTTC-1,Cluster 2
GAGGGATTCACTTGGA-1,Cluster 6
GAGGGTAGTTCATCTT-1,Cluster 7
GAGTCATAGAAGCGCT-1,Cluster 1
GAGTCATCACTTCAGA-1,Cluster 1
GAGTCATGTCTGTGTA-1,Cluster 7
GAGTCATTCAACGAGG-1,Cluster 3
GAGTCATTCTATTGTC-1,Cluster 2
GAGTCTAAGCGTTGTT-1,Cluster 1
GAGTCTAGTGCACGCT-1,Cluster 1
GAGTCTATCCCTATTA-1,Cluster 2
GAGTCTATCTTCTAAC-1,Cluster 1
GAGTGAGGTGATCATC-1,Cluster 4
GAGTGTTGTACGATTC-1,Cluster 2
GAGTGTTTCCAGTGTA-1,Cluster 1
GAGTTACAGCGCCGTT-1,Cluster 2
GAGTTGTAGTCGTTAC-1,Cluster 5
GAGTTGTGTACCGGAA-1,Cluster 6
GAGTTGTGTCTGATCA-1,Cluster 3
GAGTTGTGTGATACAA-1,Cluster 4
GAGTTGTTCGCCGATG-1,Cluster 4
GAGTTTGAGAGCAACC-1,Cluster 1
GAGTTTGCAAGGTTGG-1,Cluster 2
GAGTTTGGTACCCGAC-1,Cluster 2
GAGTTTGGTGAAGCTG-1,Cluster 3
GATAGAAAGCTGTTCA-1,Cluster 5
GATAGAACAACCGTAT-1,Cluster 3
GATAGAATCAACACGT-1,Cluster 1
GATAGAATCGCTGTCT-1,Cluster 4
GATAGAATCGGTCACG-1,Cluster 1
GATAGAATCTCCTGTG-1,Cluster 5
GATAGCTAGCTCGCAC-1,Cluster 5
GATAGCTCACGTCTCT-1,Cluster 4
GATAGCTTCGCTGTTC-1,Cluster 1
GATAGCTTCTGAGGCC-1,Cluster 6
GATCACACACCTTCCA-1,Cluster 3
GATCACATCTGGCTGG-1,Cluster 5
GATCAGTTCATTGAGC-1,Cluster 5
GATCAGTTCGGTCATA-1,Cluster 1
GATCATGGTTGTCATG-1,Cluster 7
GATCCCTAGGGCTTCC-1,Cluster 2
GATCCCTCACGGGTAA-1,Cluster 2
GATCCCTGTAGCTTGT-1,Cluster 2
GATCCCTGTTGGTAGG-1,Cluster 3
GATCCCTGTTGGTGTT-1,Cluster 5
GATCCCTTCGGACGTC-1,Cluster 4
GATCCCTTCTGCCTGT-1,Cluster 1
GATCGTAAGATTGACA-1,Cluster 7
GATCGTACACTTGTGA-1,Cluster 7
GATCGTAGTAGTCTGT-1,Cluster 1
GATCGTAGTCTTACTT-1,Cluster 2
GATCGTAGTGGCTTGC-1,Cluster 2
GATCGTAGTTAGCGGA-1,Cluster 4
GATCGTATCATCGCTC-1,Cluster 4
GATGACTAGCCTCTCT-1,Cluster 1
GATGAGGCACTAAACC-1,Cluster 2
GATGAGGGTATGTGTC-1,Cluster 2
GATGAGGTCAATCTCT-1,Cluster 2
GATGATCCACAAGCCC-1,Cluster 5
GATGATCCACAATGTC-1,Cluster 4
GATGATCGTTAAGTCC-1,Cluster 1
GATGATCTCAGCCTCT-1,Cluster 5
GATGATCTCGTGGACC-1,Cluster 1
GATGCTAAGCGATTCT-1,Cluster 3
GATGCTAAGCGCTGAA-1,Cluster 4
GATGCTACAAAGGCAC-1,Cluster 4
GATGGAGGTCCTGGGT-1,Cluster 4
GATGGAGTCACAACCA-1,Cluster 3
GATGTTGAGAGCACTG-1,Cluster 2
GATGTTGAGTCCTGTA-1,Cluster 2
GATGTTGGTAATGCTC-1,Cluster 2
GATTCGAAGGCATGGT-1,Cluster 1
GATTCGACACGACAAG-1,Cluster 2
GATTCGAGTAGTGGCA-1,Cluster 5
GATTCTTAGCCATGCC-1,Cluster 5
GATTCTTGTAATGCGG-1,Cluster 3
GATTGGTAGTCACTCA-1,Cluster 4
GATTGGTCATGATCTG-1,Cluster 2
GATTGGTCATGCCGGT-1,Cluster 4
GATTGGTGTCGCGGTT-1,Cluster 6
GATTGGTGTTGTGTTG-1,Cluster 2
GATTTCTCAAGCCATT-1,Cluster 3
GATTTCTGTAAGAACT-1,Cluster 4
GATTTCTGTGAGGCAT-1,Cluster 3
GCAACATCAACCTATG-1,Cluster 3
GCAACATCAAGGTACG-1,Cluster 5
GCAACATGTTTGAACC-1,Cluster 3
GCAACCGAGGGCTGAT-1,Cluster 5
GCAACCGAGTTGCTCA-1,Cluster 2
GCAACCGCATAGAAAC-1,Cluster 2
GCAACCGGTCGTCTCT-1,Cluster 1
GCAACCGTCATTCATC-1,Cluster 3
GCAACCGTCTGATTCT-1,Cluster 5
GCACATACAGGTTCGC-1,Cluster 5
GCACGGTCAAGCACCC-1,Cluster 1
GCACGGTCATCTCAAG-1,Cluster 2
GCACGGTGTATGAGAT-1,Cluster 5
GCACGGTTCCGAAGGA-1,Cluster 4
GCACGGTTCCGGTAAT-1,Cluster 2
GCACGGTTCGGTAGAG-1,Cluster 5
GCACGTGAGTGTACAA-1,Cluster 2
GCACGTGCAAGTCATC-1,Cluster 2
GCACGTGCAGTCAGAG-1,Cluster 2
GCACTAACACACCTAA-1,Cluster 1
GCACTAAGTCAAGTTC-1,Cluster 3
GCAGCCACAGACAATA-1,Cluster 4
GCAGCCAGTCAAGCGA-1,Cluster 4
GCAGCCATCATGCCAA-1,Cluster 1
GCAGCTGTCCACCCTA-1,Cluster 4
GCAGGCTAGGTAAGGA-1,Cluster 2
GCAGGCTCAAGGCAAC-1,Cluster 3
GCAGGCTCAATGGGTG-1,Cluster 5
GCAGGCTTCCATCCGT-1,Cluster 1
GCAGGCTTCGAAGTGG-1,Cluster 1
GCAGTTACAAATCAAG-1,Cluster 3
GCAGTTAGTCTGCCTT-1,Cluster 4
GCAGTTAGTGAGTAGC-1,Cluster 4
GCAGTTATCGTTACCC-1,Cluster 2
GCATCGGAGACTTCGT-1,Cluster 1
GCATCGGGTGCAGATG-1,Cluster 1
GCATCGGTCCCGTGAG-1,Cluster 2
GCATCTCAGACCAGCA-1,Cluster 3
GCATCTCGTCCATAGT-1,Cluster 5
GCATCTCTCCAAACCA-1,Cluster 2
GCATCTCTCGCTTAAG-1,Cluster 4
GCATGATAGTAGCTCT-1,Cluster 4
GCATGATCAATCTCGA-1,Cluster 4
GCATGATCAGTTAGGG-1,Cluster 4
GCATGATGTCGCATCG-1,Cluster 6
GCATGATTCCAAGGGA-1,Cluster 3
GCATTAGAGCCTGAAG-1,Cluster 4
GCATTAGGTCACCGCA-1,Cluster 3
GCCAACGAGAATAGTC-1,Cluster 4
GCCAACGAGTCACTGT-1,Cluster 1
GCCAACGGTGTGACCC-1,Cluster 4
GCCAACGTCAGGGTAG-1,Cluster 1
GCCAGCACATAGTCGT-1,Cluster 1
GCCAGCACATCATCTT-1,Cluster 2
GCCAGCATCGAGAGAC-1,Cluster 3
GCCAGCATCTACACAG-1,Cluster 2
GCCAGGTAGAGTGTGC-1,Cluster 3
GCCAGGTAGTCGTTAC-1,Cluster 6
GCCAGGTCAGCTCCTT-1,Cluster 4
GCCAGGTGTAAGTTAG-1,Cluster 5
GCCAGGTGTCTACAAC-1,Cluster 1
GCCAGGTTCAAGTGGG-1,Cluster 3
GCCAGTGAGGGCGAAG-1,Cluster 4
GCCAGTGAGTAGAGTT-1,Cluster 3
GCCAGTGCAAGTATCC-1,Cluster 7
GCCAGTGCACGTAGAG-1,Cluster 6
GCCAGTGCACTACGGC-1,Cluster 5
GCCAGTGTCCACGTAA-1,Cluster 2
GCCATGGAGCTCGGCT-1,Cluster 6
GCCATGGCAGTGTGGA-1,Cluster 5
GCCATGGGTACAGTCT-1,Cluster 3
GCCATGGTCATGACAC-1,Cluster 4
GCCATGGTCCGCGATG-1,Cluster 5
GCCATGGTCTAGTACG-1,Cluster 5
GCCCAGATCAATCCAG-1,Cluster 4
GCCCGAAAGGTGCCAA-1,Cluster 1
GCCCGAACATATGCGT-1,Cluster 6
GCCCGAAGTCGTGATT-1,Cluster 2
GCCCGAAGTGTCCGGT-1,Cluster 2
GCCCGAATCCCGAATA-1,Cluster 2
GCCGATGGTCGGCTAC-1,Cluster 3
GCCGATGTCAAAGGAT-1,Cluster 2
GCCGATGTCCGTCACT-1,Cluster 1
GCCGTGAAGTAGACAT-1,Cluster 3
GCCGTGACAACACAGG-1,Cluster 4
GCCGTGACAGCAGAAC-1,Cluster 1
GCCGTGACAGGTCAGA-1,Cluster 3
GCCGTGATCTGAGAAA-1,Cluster 2
GCCTGTTAGCGGGTAT-1,Cluster 3
GCCTGTTTCTAAGGAA-1,Cluster 4
GCCTGTTTCTGTTCAT-1,Cluster 4
GCGATCGCAACAAGAT-1,Cluster 2
GCGATCGCAACTGCCG-1,Cluster 4
GCGATCGTCATATGGC-1,Cluster 3
GCGGAAAAGGACAAGA-1,Cluster 3
GCGGAAAAGGCTAAAT-1,Cluster 4
GCGGAAATCATCGCCT-1,Cluster 4
GCGGAAATCCATCACC-1,Cluster 1
GCGGATCCAACACTAC-1,Cluster 3
GCGGATCCATCAGTCA-1,Cluster 1
GCGGATCTCCTAGCGG-1,Cluster 4
GCGTGCACAAAGCAAT-1,Cluster 1
GCGTGCACATCAGCGC-1,Cluster 5
GCGTGCAGTCTTCCGT-1,Cluster 2
GCGTGCATCACGAACT-1,Cluster 1
GCGTGCATCGCCTCTA-1,Cluster 5
GCGTGCATCTCTGCTG-1,Cluster 4
GCGTTTCCACAACGAG-1,Cluster 2
GCGTTTCGTTGCCGCA-1,Cluster 7
GCGTTTCTCGTGCTCT-1,Cluster 1
GCTACAACAAATGGAT-1,Cluster 2
GCTACAACAGAGCGTA-1,Cluster 1
GCTACAATCCAACCGG-1,Cluster 1
GCTACAATCGGCAGTC-1,Cluster 3
GCTACAATCTCGCTCA-1,Cluster 2
GCTACCTAGCGGACAT-1,Cluster 3
GCTACCTAGTGTTGTC-1,Cluster 5
GCTACCTGTCTACAAC-1,Cluster 5
GCTACCTGTTCAGCTA-1,Cluster 3
GCTCAAAAGGCAGTCA-1,Cluster 4
GCTCAAAGTACCATAC-1,Cluster 1
GCTCAAAGTTCGCGTG-1,Cluster 7
GCTGAATCAGCTACTA-1,Cluster 2
GCTGAATCATGCCGGT-1,Cluster 6
GCTGAATGTGGTTCTA-1,Cluster 7
GCTGCAGAGGAACGAA-1,Cluster 5
GCTGCAGAGGCCCGTT-1,Cluster 3
GCTGCAGCAAGGGCAT-1,Cluster 1
GCTGCAGGTGAGTAGC-1,Cluster 5
GCTGCAGGTTCTTAGG-1,Cluster 3
GCTGGGTGTGGTACAG-1,Cluster 1
GCTTCACGTTCGGCTG-1,Cluster 5
GCTTCACTCCGAGCTG-1,Cluster 3
GCTTGGGAGCGGTAAC-1,Cluster 6
GCTTGGGCAATCCTAG-1,Cluster 3
GCTTGGGCATTGACAC-1,Cluster 1
GCTTGGGGTCGACTTA-1,Cluster 1
GCTTGGGGTCGTCATA-1,Cluster 2
GCTTGGGGTCTGTGCG-1,Cluster 4
GCTTGGGGTGACTCGC-1,Cluster 6
GCTTGGGGTGCATGAG-1,Cluster 2
GCTTGGGGTTCAGTAC-1,Cluster 3
GCTTTCGAGGGTGGGA-1,Cluster 3
GCTTTCGAGTCGAATA-1,Cluster 4
GCTTTCGGTACTAACC-1,Cluster 5
GGAAGTGAGCACTCTA-1,Cluster 4
GGAAGTGCAAAGAGTT-1,Cluster 1
GGAATCTGTAGAAACT-1,Cluster 6
GGAATCTGTAGACAAT-1,Cluster 6
GGAATCTTCCGACGGT-1,Cluster 5
GGAATGGCACTAAACC-1,Cluster 5
GGAATGGGTATGGTAA-1,Cluster 6
GGAATGGTCGACTCCT-1,Cluster 4
GGACGTCAGGGCGAGA-1,Cluster 2
GGAGAACAGTCTGGTT-1,Cluster 3
GGAGAACGTACTCCCT-1,Cluster 4
GGAGGATGTGTGACCC-1,Cluster 5
GGAGGATTCAGATGCT-1,Cluster 1
GGAGGTAAGACGACTG-1,Cluster 5
GGAGGTATCACGTCCT-1,Cluster 5
GGATCTAAGAATCGAT-1,Cluster 2
GGATCTACACAAGTTC-1,Cluster 7
GGATCTATCAAGAGGC-1,Cluster 3
GGATCTATCCGATAGT-1,Cluster 2
GGATGTTAGAACCCGA-1,Cluster 4
GGATGTTTCTTGGAAC-1,Cluster 6
GGCACGTCATTCGGGC-1,Cluster 5
GGCACGTGTATGACAA-1,Cluster 5
GGCACGTGTCGATTTG-1,Cluster 7
GGCACGTTCGGCTGGT-1,Cluster 3
GGCAGTCCACCCAACG-1,Cluster 5
GGCAGTCCATCCGGCA-1,Cluster 3
GGCAGTCGTTCGGTTA-1,Cluster 3
GGCAGTCGTTGGGATG-1,Cluster 3
GGCAGTCTCTGGGCAC-1,Cluster 6
GGCGTCAAGGTCCCTG-1,Cluster 3
GGCGTCACACCGTGAC-1,Cluster 2
GGCGTCAGTAGCGTCC-1,Cluster 2
GGCGTCAGTGATCATC-1,Cluster 1
GGCTGTGAGAACTTCC-1,Cluster 1
GGCTGTGAGCATCGAG-1,Cluster 1
GGCTGTGAGCCAACCC-1,Cluster 3
GGCTGTGAGTTGCGAG-1,Cluster 5
GGCTGTGCAGCGTAGA-1,Cluster 7
GGCTGTGGTACAAGCG-1,Cluster 1
GGCTGTGTCCGATCTC-1,Cluster 2
GGCTTTCCAAGGCAAC-1,Cluster 5
GGCTTTCGTGGAAATT-1,Cluster 5
GGCTTTCGTTCACCGG-1,Cluster 1
GGCTTTCTCATTCGGA-1,Cluster 4
GGGAAGTAGAATCCCT-1,Cluster 5
GGGAAGTAGCCTTCTC-1,Cluster 4
GGGAAGTCAGTACTAC-1,Cluster 1
GGGAAGTGTCTGTCAA-1,Cluster 3
GGGAAGTTCAGAGCGA-1,Cluster 6
GGGACAAAGGATGCGT-1,Cluster 5
GGGACAAAGTGCCGAA-1,Cluster 4
GGGACAAGTGGTTCTA-1,Cluster 2
GGGACAATCCATCTGC-1,Cluster 7
GGGACCTAGCTGCCTG-1,Cluster 3
GGGACCTAGTTACGTC-1,Cluster 1
GGGACCTCAATTCTTC-1,Cluster 3
GGGACCTGTTCTTAGG-1,Cluster 3
GGGACCTTCATCTACT-1,Cluster 3
GGGACCTTCGAACTCA-1,Cluster 6
GGGACTCAGCATCCTA-1,Cluster 2
GGGACTCAGCGAAACC-1,Cluster 4
GGGACTCAGCGACTAG-1,Cluster 1
GGGACTCCACGCTTAA-1,Cluster 5
GGGACTCGTGGATGAC-1,Cluster 1
GGGACTCTCGCTAGCG-1,Cluster 6
GGGACTCTCGTCACCT-1,Cluster 1
GGGAGATAGAAGGTAG-1,Cluster 2
GGGAGATAGGTAATCA-1,Cluster 5
GGGAGATCAGAGACTG-1,Cluster 6
GGGAGATTCATTGCCC-1,Cluster 2
GGGAGATTCTCTGACC-1,Cluster 3
GGGAGTAAGTTTCAGC-1,Cluster 4
GGGAGTATCAACCGAT-1,Cluster 6
GGGAGTATCGGCCCAA-1,Cluster 5
GGGAGTATCTACTTCA-1,Cluster 4
GGGATCCGTATTGAGA-1,Cluster 5
GGGATCCTCCGTGACG-1,Cluster 4
GGGATGAAGGCACTCC-1,Cluster 4
GGGATGACATGTCTAG-1,Cluster 2
GGGATGAGTTGCTCGG-1,Cluster 6
GGGATGATCACGAACT-1,Cluster 6
GGGCCATAGCTAGAGC-1,Cluster 2
GGGCCATAGTAGTGCG-1,Cluster 1
GGGCCATCATATCGGT-1,Cluster 3
GGGCCATTCCTAAGTG-1,Cluster 5
GGGCGTTAGCTGTTAC-1,Cluster 6
GGGCGTTAGGACACTG-1,Cluster 4
GGGCGTTGTTCTGACA-1,Cluster 1
GGGCTACCAACGCCCA-1,Cluster 1
GGGCTACCATCATGAC-1,Cluster 1
GGGCTCAAGAAGCGGG-1,Cluster 2
GGGCTCAGTATCGTGT-1,Cluster 1
GGGCTCAGTCATCTAG-1,Cluster 2
GGGCTCATCCACTGGG-1,Cluster 3
GGGTATTAGAAGCTGC-1,Cluster 3
GGGTATTAGCTCCCTT-1,Cluster 3
GGGTATTCAGAGCGTA-1,Cluster 1
GGGTATTGTGTCCTAA-1,Cluster 6
GGGTATTTCCACTGGG-1,Cluster 6
GGGTATTTCCCAGTGG-1,Cluster 4
GGGTATTTCCTACGGG-1,Cluster 1
GGGTCACAGATTCGAA-1,Cluster 2
GGGTCACCAAATCAAG-1,Cluster 2
GGGTCACCATGAGGGT-1,Cluster 4
GGGTCACGTCTTGAAC-1,Cluster 4
GGGTCACGTGTCCGTG-1,Cluster 2
GGGTCACGTGTTTACG-1,Cluster 5
GGGTCACTCTTAGCTT-1,Cluster 3
GGGTCTGAGCATCAGG-1,Cluster 4
GGGTCTGAGGTCTTTG-1,Cluster 4
GGGTCTGCATGAATAG-1,Cluster 5
GGGTCTGGTAACGGTG-1,Cluster 5
GGGTCTGGTAGTCTTG-1,Cluster 2
GGGTCTGGTTCTAAGC-1,Cluster 7
GGGTCTGGTTGGGAAC-1,Cluster 5
GGGTGAAAGAGGATCC-1,Cluster 1
GGGTGAAAGGAGGGTG-1,Cluster 2
GGGTGAAAGTAGTCAA-1,Cluster 6
GGGTGAACAACACGTT-1,Cluster 1
GGGTGTCCACGGCACT-1,Cluster 2
GGGTGTCCATAGGTTC-1,Cluster 6
GGGTGTCGTAGGACCA-1,Cluster 1
GGGTTATAGCGCGTTC-1,Cluster 1
GGGTTATAGTAAATGC-1,Cluster 2
GGGTTATCAGCCTTCT-1,Cluster 1
GGGTTATTCTGCGTCT-1,Cluster 1
GGGTTATTCTTAGCTT-1,Cluster 5
GGGTTTAGTTGCATAC-1,Cluster 1
GGGTTTATCATGAGAA-1,Cluster 6
GGGTTTATCGTGTGGC-1,Cluster 4
GGTAACTGTGTTGCCG-1,Cluster 3
GGTAACTTCACCCTTG-1,Cluster 2
GGTAACTTCCGGCAGT-1,Cluster 6
GGTAATCCAGGCTCTG-1,Cluster 3
GGTCACGAGTTGGCTT-1,Cluster 1
GGTCACGCACAGAGAC-1,Cluster 5
GGTCACGGTAGGAGGG-1,Cluster 6
GGTCACGGTCAACCAT-1,Cluster 1
GGTCACGTCACGGGCT-1,Cluster 3
GGTCTGGCACATGAAA-1,Cluster 2
GGTCTGGCAGTCAGAG-1,Cluster 7
GGTCTGGTCGTGCTCT-1,Cluster 5
GGTGAAGAGCATCCCG-1,Cluster 4
GGTGAAGAGCGTTACT-1,Cluster 3
GGTGAAGGTTCTGACA-1,Cluster 2
GGTGGCTAGCAGGCTA-1,Cluster 3
GGTGGCTAGGGACACT-1,Cluster 2
GGTGGCTCAGGTTCCG-1,Cluster 5
GGTGGCTGTCACCTTC-1,Cluster 4
GGTGGCTGTGATACAA-1,Cluster 1
GGTGGCTTCCCATTCG-1,Cluster 3
GGTGTCGAGCACGTCC-1,Cluster 4
GGTGTCGCAATGTTGC-1,Cluster 2
GGTGTCGGTCATTGCA-1,Cluster 7
GGTGTCGGTGCCTTCT-1,Cluster 4
GGTGTCGTCCGGACTG-1,Cluster 5
GGTGTTAAGAAGGCTC-1,Cluster 4
GGTGTTACACTAACCA-1,Cluster 3
GGTGTTACAGTGTGGA-1,Cluster 7
GGTGTTATCTAGTCAG-1,Cluster 4
GGTTAACAGCGAGAAA-1,Cluster 3
GGTTAACAGGGTTGCA-1,Cluster 2
GGTTCTCAGATAACAC-1,Cluster 4
GGTTCTCAGTAGTCCT-1,Cluster 1
GGTTCTCCAGAGCTAG-1,Cluster 6
GGTTCTCCATGGCCCA-1,Cluster 2
GTAACACAGCCAACCC-1,Cluster 1
GTAACACAGTCACTCA-1,Cluster 2
GTAACACTCTACGGGC-1,Cluster 5
GTAACCAAGGGCCCTT-1,Cluster 4
GTAAGTCAGACCTCCG-1,Cluster 5
GTAAGTCAGTTTCGGT-1,Cluster 2
GTAATCGAGGGAGATA-1,Cluster 5
GTAATCGCAGGTGGAT-1,Cluster 5
GTAATCGGTCACTCGG-1,Cluster 4
GTAATCGGTCCACAGC-1,Cluster 3
GTAATCGGTGCTGTCG-1,Cluster 6
GTAATGCAGCTTTCTT-1,Cluster 6
GTAATGCGTGCTAGCC-1,Cluster 3
GTACAACTCACAGAGG-1,Cluster 1
GTACAGTCAAGGGTCA-1,Cluster 5
GTACAGTGTTGAAGTA-1,Cluster 2
GTAGAAAAGGCATCAG-1,Cluster 2
GTAGAAAAGGTAGTAT-1,Cluster 6
GTAGAAAGTTAGAGAT-1,Cluster 1
GTAGAAATCCGATAAC-1,Cluster 3
GTAGAGGAGATTGCGG-1,Cluster 1
GTAGAGGGTTCCCACT-1,Cluster 4
GTAGAGGTCCTCACTG-1,Cluster 2
GTAGATCAGAATAACC-1,Cluster 5
GTAGATCAGGTGCCAA-1,Cluster 4
GTAGATCGTCTGTGCG-1,Cluster 5
GTAGATCGTGAGGCAT-1,Cluster 1
GTAGATCGTTACACAC-1,Cluster 3
GTAGCTACAAGACGAC-1,Cluster 1
GTAGCTACACTGCGAC-1,Cluster 2
GTAGCTACATGGAAGC-1,Cluster 4
GTAGCTAGTGTACATC-1,Cluster 4
GTAGCTAGTTCCCACT-1,Cluster 4
GTAGCTATCCATAAGC-1,Cluster 6
GTAGCTATCGTGTTCC-1,Cluster 1
GTAGGAGCAAGCCTGC-1,Cluster 2
GTAGGAGGTCTTGAGT-1,Cluster 2
GTAGGAGGTGCGGCTT-1,Cluster 5
GTAGGTTAGTTGGAGC-1,Cluster 3
GTAGTACAGGAGTATT-1,Cluster 1
GTAGTACAGGTAGTCG-1,Cluster 3
GTAGTACCATATTCGG-1,Cluster 5
GTATTTCAGAGGGCGA-1,Cluster 4
GTATTTCAGTATAGAC-1,Cluster 7
GTATTTCCACAGTATC-1,Cluster 4
GTCAAACGTACGGGAT-1,Cluster 2
GTCAAACGTCCTTTGC-1,Cluster 5
GTCAAACGTTTACTTC-1,Cluster 7
GTCAAGTAGCAACTTC-1,Cluster 2
GTCAAGTAGCGACAGT-1,Cluster 1
GTCAAGTAGTACCATC-1,Cluster 1
GTCAAGTCAAATAAGC-1,Cluster 2
GTCAAGTGTAAGGCTG-1,Cluster 6
GTCACGGTCCGCTGTT-1,Cluster 7
GTCACGGTCGGAAACG-1,Cluster 4
GTCACTCAGACGACGT-1,Cluster 5
GTCACTCCAACCGATT-1,Cluster 1
GTCACTCCACGCGGTT-1,Cluster 7
GTCACTCCACTTCTCG-1,Cluster 7
GTCACTCGTATAGCTC-1,Cluster 3
GTCAGCGAGTGCGCTC-1,Cluster 2
GTCAGCGCACATATCG-1,Cluster 5
GTCAGCGCAGAGATTA-1,Cluster 4
GTCAGCGGTCATGCAT-1,Cluster 1
GTCAGCGGTGCCCACA-1,Cluster 3
GTCATCCAGGGTATAT-1,Cluster 3
GTCATCCGTCTTACAG-1,Cluster 1
GTCATGAAGGTCTGGA-1,Cluster 2
GTCATGACAAAGGGTC-1,Cluster 2
GTCATGAGTATTCCGA-1,Cluster 6
GTCATGATCGTCGGGT-1,Cluster 2
GTCATTTAGCGCCCAT-1,Cluster 1
GTCATTTAGTCAGCGA-1,Cluster 4
GTCATTTCAATTCGTG-1,Cluster 2
GTCATTTCACGAGGAT-1,Cluster 2
GTCATTTGTACCTTCC-1,Cluster 1
GTCCACTAGCGTCAGA-1,Cluster 3
GTCCACTAGGTGAGCT-1,Cluster 5
GTCCACTAGTAAACGT-1,Cluster 3
GTCCACTAGTTACGAA-1,Cluster 7
GTCCACTCAGTATACC-1,Cluster 1
GTCCACTTCGGTATGT-1,Cluster 1
GTCCCATCAATCGCCG-1,Cluster 3
GTCCCATGTTGACTGT-1,Cluster 7
GTCCTCAAGGCGATAC-1,Cluster 4
GTCCTCACAATTCTCT-1,Cluster 6
GTCCTCAGTACTGAGG-1,Cluster 5
GTCCTCATCCTTCGAC-1,Cluster 2
GTCGAATCAAGGCCTC-1,Cluster 4
GTCGAATCATGGCACC-1,Cluster 1
GTCGAATGTTTACTTC-1,Cluster 3
GTCGAATTCGCTGTCT-1,Cluster 4
GTCGCGAAGGTAAAGG-1,Cluster 4
GTCGCGATCGTAATGC-1,Cluster 5
GTCGCGATCTGCATAG-1,Cluster 5
GTCGTAAAGCTGACCC-1,Cluster 7
GTCGTAACAGGCTACC-1,Cluster 2
GTCGTTCCAACCAGAG-1,Cluster 2
GTCGTTCTCTTAGCTT-1,Cluster 1
GTCTACCCAGAGCCCT-1,Cluster 4
GTCTACCCAGTAACGG-1,Cluster 5
GTCTACCGTGTAAATG-1,Cluster 1
GTCTACCGTGTGTTTG-1,Cluster 4
GTCTACCTCACACCGG-1,Cluster 3
GTCTAGAAGACGGATC-1,Cluster 5
GTCTAGAAGTAACCTC-1,Cluster 4
GTCTAGACAGTGTATC-1,Cluster 4
GTCTAGACATGACGGA-1,Cluster 6
GTCTAGAGTCATTCCC-1,Cluster 5
GTCTAGATCCACAGCG-1,Cluster 3
GTCTCACCACCCTTAC-1,Cluster 2
GTCTCACCAGTTCCAA-1,Cluster 7
GTCTGTCAGCCGCTTG-1,Cluster 6
GTCTTTACAGGTCCCA-1,Cluster 1
GTGACGCCAAATCAGA-1,Cluster 1
GTGACGCTCCAACTAG-1,Cluster 2
GTGAGCCAGCGGTAGT-1,Cluster 5
GTGAGCCCACCGTACG-1,Cluster 4
GTGAGCCCAGCGACAA-1,Cluster 3
GTGAGCCGTCCGGTGT-1,Cluster 4
GTGAGCCGTCGCTGCA-1,Cluster 7
GTGAGCCGTTGCTCGG-1,Cluster 4
GTGAGCCTCGCACTCT-1,Cluster 1
GTGAGGAAGGGCAATC-1,Cluster 4
GTGAGGAAGTGCGACA-1,Cluster 3
GTGAGGACACAGCCAC-1,Cluster 3
GTGAGGATCGAGAAAT-1,Cluster 2
GTGAGGATCGTGCTCT-1,Cluster 3
GTGAGTTAGAATACAC-1,Cluster 6
GTGAGTTAGGAAGTCC-1,Cluster 5
GTGAGTTAGTTGCTGT-1,Cluster 3
GTGAGTTGTACACGCC-1,Cluster 3
GTGAGTTTCCACGGAC-1,Cluster 2
GTGAGTTTCGTTCGCT-1,Cluster 5
GTGATGTGTAGACGGT-1,Cluster 1
GTGATGTTCATTACCT-1,Cluster 2
GTGCACGAGGTTCACT-1,Cluster 7
GTGCACGTCTCCGAAA-1,Cluster 7
GTGCAGCGTACTGTTG-1,Cluster 7
GTGCAGCGTGGAACAC-1,Cluster 3
GTGCAGCGTTATGTGC-1,Cluster 6
GTGCAGCTCAATCGGT-1,Cluster 7
GTGCGTGCAAATTGGA-1,Cluster 3
GTGCGTGCACGTCGTG-1,Cluster 4
GTGCGTGCAGTTAGAA-1,Cluster 1
GTGCTGGAGACATACA-1,Cluster 2
GTGCTGGCACTGTCCT-1,Cluster 3
GTGCTTCGTAGTTCCA-1,Cluster 4
GTGCTTCGTATCTCTT-1,Cluster 5
GTGCTTCGTGATCATC-1,Cluster 4
GTGCTTCTCGCGTGAC-1,Cluster 6
GTGCTTCTCGTGGTAT-1,Cluster 6
GTGGAAGCAAAGACGC-1,Cluster 4
GTGGAAGCATAATCCG-1,Cluster 4
GTGGAAGGTCCATACA-1,Cluster 2
GTGGAGACAAGTCATC-1,Cluster 2
GTGGAGAGTGGATTTC-1,Cluster 5
GTGGGAACAGAGGCAT-1,Cluster 1
GTGGGAACATAGTCAC-1,Cluster 3
GTGGGAACATCGTTCC-1,Cluster 1
GTGGGAAGTAGTCGGA-1,Cluster 5
GTGGGAAGTCACAATC-1,Cluster 2
GTGGTTAAGTGTTCAC-1,Cluster 3
GTGGTTACAAGCTGCC-1,Cluster 4
GTGGTTAGTGGAAATT-1,Cluster 5
GTGGTTAGTGTATCCA-1,Cluster 1
GTGGTTATCGGTCATA-1,Cluster 6
GTGGTTATCGTGTCAA-1,Cluster 1
GTGTAACAGCATCCCG-1,Cluster 2
GTGTAACAGTGGAAGA-1,Cluster 2
GTGTAACAGTTGCTGT-1,Cluster 2
GTGTAACTCCTAGAGT-1,Cluster 2
GTGTCCTGTATGCTAC-1,Cluster 1
GTGTCCTGTTAGCTAC-1,Cluster 5
GTGTGATAGACTCAAA-1,Cluster 4
GTGTGATCACAAGCCC-1,Cluster 4
GTGTGGCAGGAAGTAG-1,Cluster 5
GTGTGGCAGGAGTATT-1,Cluster 1
GTGTGGCTCCTCATAT-1,Cluster 4
GTGTTAGAGATCCCGC-1,Cluster 1
GTGTTAGCAAACCATC-1,Cluster 2
GTGTTAGCAGCGTGCT-1,Cluster 7
GTGTTAGTCCATTTAC-1,Cluster 3
GTGTTCCAGGTAAGTT-1,Cluster 1
GTGTTCCTCAGTGTCA-1,Cluster 1
GTGTTCCTCTGAGGCC-1,Cluster 1
GTTACAGAGACAGCTG-1,Cluster 3
GTTACAGAGGTACTGG-1,Cluster 4
GTTACAGCAACACAGG-1,Cluster 3
GTTACAGCAGCCGGTT-1,Cluster 3
GTTACAGGTCTTTATC-1,Cluster 7
GTTACAGTCGATCCCT-1,Cluster 3
GTTACCCAGACTCATC-1,Cluster 1
GTTACCCAGCTAGCCC-1,Cluster 1
GTTACCCAGCTCTTCC-1,Cluster 4
GTTACCCAGTGATCGG-1,Cluster 4
GTTACCCCAAGCGCTC-1,Cluster 3
GTTACCCGTGAGTGAC-1,Cluster 5
GTTACGAAGTTCGGTT-1,Cluster 3
GTTACGACACTCCGGA-1,Cluster 2
GTTACGAGTCTGTGGC-1,Cluster 4
GTTACGATCCATCGTC-1,Cluster 1
GTTAGACAGAAACCAT-1,Cluster 7
GTTAGACCACTACTTT-1,Cluster 4
GTTAGACCACTGAGGA-1,Cluster 5
GTTAGACCAGGATGAC-1,Cluster 5
GTTAGACGTCGACTTA-1,Cluster 4
GTTAGACGTCGAGTTT-1,Cluster 1
GTTAGACGTTCTTGTT-1,Cluster 3
GTTAGTGAGAGGGTGG-1,Cluster 5
GTTAGTGAGCCGTTGC-1,Cluster 6
GTTAGTGCAAGAGTTA-1,Cluster 5
GTTAGTGTCACCTTAT-1,Cluster 4
GTTAGTGTCTTGGTGA-1,Cluster 1
GTTATGGCACCAACAT-1,Cluster 2
GTTATGGCATGGTACT-1,Cluster 4
GTTATGGGTCAAAGAT-1,Cluster 3
GTTCATTCAAAGGTTA-1,Cluster 1
GTTCATTCAGCAGTGA-1,Cluster 1
GTTCATTGTCCAGTTA-1,Cluster 4
GTTCATTGTGGCCTCA-1,Cluster 4
GTTCCGTCAGTCTCTC-1,Cluster 4
GTTCCGTCATGTGCCG-1,Cluster 5
GTTCGCTCACAATTCG-1,Cluster 7
GTTCGCTCAGGGTCTC-1,Cluster 2
GTTCGCTCAGTTTGGT-1,Cluster 4
GTTCGCTGTCCATCTC-1,Cluster 4
GTTCGCTTCAGCTCTC-1,Cluster 4
GTTCTATAGACGTCCC-1,Cluster 3
GTTCTATAGATCGGTG-1,Cluster 5
GTTCTATAGCGTACAG-1,Cluster 7
GTTCTATAGGAGATAG-1,Cluster 4
GTTCTATAGGGTGAGG-1,Cluster 1
GTTCTATAGTGGTTAA-1,Cluster 5
GTTCTATCACCCTAGG-1,Cluster 6
GTTCTATCACCTCAGG-1,Cluster 2
GTTCTATTCATGGCCG-1,Cluster 3
GTTGAACAGGATTCCT-1,Cluster 2
GTTGAACGTAAGGCCA-1,Cluster 1
GTTGAACGTCAGATTC-1,Cluster 1
GTTGAACGTGTATACC-1,Cluster 3
GTTGCGGCACATACTG-1,Cluster 3
GTTGCGGCATGACGAG-1,Cluster 4
GTTGCGGGTCGCATCG-1,Cluster 5
GTTGCGGGTGTCCTAA-1,Cluster 2
GTTGCTCCAAATGAAC-1,Cluster 2
GTTGCTCGTCTGATCA-1,Cluster 7
GTTGCTCTCTCATTAC-1,Cluster 5
GTTGTAGCAGGCACTC-1,Cluster 1
GTTGTAGTCGAGTACT-1,Cluster 1
GTTGTCCAGTCCCGGT-1,Cluster 3
GTTGTCCCAAAGACTA-1,Cluster 2
GTTGTCCGTACAAGTA-1,Cluster 5
GTTGTCCGTAGCTAAA-1,Cluster 2
GTTGTCCGTGCATTAC-1,Cluster 4
GTTGTGAGTTCTTGCC-1,Cluster 7
GTTGTGATCGTAACAC-1,Cluster 5
GTTGTGATCGTACCTC-1,Cluster 6
GTTTACTGTTCGGTAT-1,Cluster 1
GTTTGGAAGCCATTGT-1,Cluster 5
GTTTGGATCCGGACGT-1,Cluster 4
GTTTGGATCGCATGAT-1,Cluster 1
GTTTGGATCGCGGTAC-1,Cluster 3
TAACACGCAATAGTAG-1,Cluster 1
TAACACGGTCACTTAG-1,Cluster 1
TAACACGGTGACTCGC-1,Cluster 5
TAACACGTCCCAGTGG-1,Cluster 4
TAACCAGAGATGATTG-1,Cluster 4
TAACCAGCAGAGGCAT-1,Cluster 2
TAACCAGGTGGACTAG-1,Cluster 3
TAACGACAGGACGCAT-1,Cluster 6
TAACGACCACTGCGAC-1,Cluster 2
TAACGACCAGTATGAA-1,Cluster 5
TAACGACGTAGGTCAG-1,Cluster 1
TAACGACTCCCTATTA-1,Cluster 5
TAACTTCAGCCTTCTC-1,Cluster 5
TAACTTCAGCGTCAAG-1,Cluster 5
TAACTTCCAGGTGGAT-1,Cluster 1
TAACTTCGTATACCTG-1,Cluster 5
TAAGCACAGGTTGACG-1,Cluster 1
TAAGCACCAAGTCCAT-1,Cluster 1
TAAGCACGTAGTGGCA-1,Cluster 4
TAAGCACGTGTCTTCC-1,Cluster 3
TAAGCCAAGGTCGTAG-1,Cluster 1
TAAGCCACATGGCTAT-1,Cluster 5
TAAGCCAGTACTCCCT-1,Cluster 2
TAAGCGTAGCACCTGC-1,Cluster 4
TAAGCGTCAGTATGAA-1,Cluster 7
TAAGCGTTCGCGGTAC-1,Cluster 4
TAAGCGTTCTGCATGA-1,Cluster 3
TAAGCGTTCTTAGCAG-1,Cluster 4
TAAGTCGAGATACTGA-1,Cluster 2
TAAGTCGAGCGCCTCA-1,Cluster 2
TAAGTCGAGCTTCGTA-1,Cluster 1
TAAGTCGCATCGCTCT-1,Cluster 3
TAAGTCGGTTACTCAG-1,Cluster 4
TAAGTCGGTTTCGATG-1,Cluster 6
TAAGTCGGTTTGGAGG-1,Cluster 2
TAAGTCGTCAGGTGTT-1,Cluster 2
TAATCTCAGCAGTCTT-1,Cluster 2
TAATCTCCAAGACAAT-1,Cluster 1
TAATCTCCATGACACT-1,Cluster 4
TAATCTCGTCCGTTTC-1,Cluster 5
TAATTCCAGTCTAGAA-1,Cluster 5
TAATTCCAGTGCTACT-1,Cluster 5
TAATTCCCACCCAAGC-1,Cluster 6
TAATTCCCAGAGGTAC-1,Cluster 3
TAATTCCGTACGATCT-1,Cluster 3
TAATTCCGTTGGTAGG-1,Cluster 5
TAATTCCTCCACATAG-1,Cluster 3
TAATTCCTCCGAAGGA-1,Cluster 1
TACAACGCAAGAGTGC-1,Cluster 1
TACAACGCACTGCGAC-1,Cluster 5
TACAACGCATAATGCC-1,Cluster 7
TACAACGGTCGGCTAC-1,Cluster 4
TACAACGGTCTTACTT-1,Cluster 3
TACACCCAGGCAGGGA-1,Cluster 5
TACACCCGTACACGCC-1,Cluster 3
TACACCCGTGTCGATT-1,Cluster 7
TACACCCTCTCATAGG-1,Cluster 1
TACAGGTAGTAATACG-1,Cluster 1
TACATTCGTATCCTCC-1,Cluster 1
TACATTCGTGCAATGG-1,Cluster 1
TACATTCGTGGCTGCT-1,Cluster 4
TACCCACAGTGTTGAA-1,Cluster 2
TACCCACGTGATTGGG-1,Cluster 5
TACCCACGTGGAAATT-1,Cluster 4
TACCCACGTTAAACCC-1,Cluster 1
TACCCACTCTCAATCT-1,Cluster 5
TACCCGTGTACAAGCG-1,Cluster 3
TACCCGTGTCGTCTCT-1,Cluster 2
TACCGAAGTCAGGCAA-1,Cluster 2
TACCGAAGTCTGTAAC-1,Cluster 5
TACCGAAGTTCATCGA-1,Cluster 2
TACCGGGAGACTGAGC-1,Cluster 2
TACCGGGAGGCCTTGC-1,Cluster 5
TACCGGGCACTTGGCG-1,Cluster 4
TACCGGGGTCCCTGTT-1,Cluster 2
TACCTCGCAAAGCGTG-1,Cluster 6
TACCTCGGTTAAGTCC-1,Cluster 4
TACCTCGGTTGGACCC-1,Cluster 5
TACCTCGTCGTTGTGA-1,Cluster 7
TACCTCGTCTAACGCA-1,Cluster 3
TACCTGCAGTTTCTTC-1,Cluster 5
TACCTGCCAACTTGGT-1,Cluster 2
TACCTGCCAATCTAGC-1,Cluster 5
TACCTGCCAGGCTTGC-1,Cluster 4
TACCTGCGTGAGCCAA-1,Cluster 1
TACCTGCTCTCCGCAT-1,Cluster 4
TACGCTCAGCGAGAAA-1,Cluster 5
TACGCTCCACTACCGG-1,Cluster 1
TACGCTCCAGCGCTTG-1,Cluster 2
TACGCTCCAGTCGAGA-1,Cluster 4
TACGCTCTCGTAACCA-1,Cluster 6
TACGGGCGTATTTCTC-1,Cluster 4
TACGGGCTCGCTAGCG-1,Cluster 1
TACGGTAAGGTGGGTT-1,Cluster 4
TACGGTATCTTCGGTC-1,Cluster 3
TACGTCCAGACGACTG-1,Cluster 4
TACGTCCAGCGTTCAT-1,Cluster 3
TACGTCCAGTTCACTG-1,Cluster 3
TACGTCCTCGGACTGC-1,Cluster 4
TACGTCCTCGTAGTCA-1,Cluster 1
TACTGCCAGATTGATG-1,Cluster 2
TACTTACTCTCGCTTG-1,Cluster 7
TACTTCACACCATAAC-1,Cluster 2
TACTTCAGTGAGTTTC-1,Cluster 2
TACTTGTCAAAGTGTA-1,Cluster 1
TACTTGTCAGGGTTGA-1,Cluster 4
TAGACCAAGATGAACT-1,Cluster 6
TAGACCACAGACGCTC-1,Cluster 3
TAGACTGAGCCTGTGC-1,Cluster 2
TAGACTGCAGGTGACA-1,Cluster 1
TAGACTGCATGGCCAC-1,Cluster 5
TAGACTGCATGTCGTA-1,Cluster 3
TAGACTGTCGAAGTGG-1,Cluster 3
TAGAGTCCACTACCCT-1,Cluster 1
TAGAGTCGTCTCACAA-1,Cluster 3
TAGATCGAGTAGTGCG-1,Cluster 1
TAGATCGCATGTGGCC-1,Cluster 4
TAGATCGGTGATGGCA-1,Cluster 2
TAGATCGTCAGTCAGT-1,Cluster 1
TAGCACAAGGAACTCG-1,Cluster 2
TAGCACAGTTACCTGA-1,Cluster 1
TAGGAGGAGCGGATCA-1,Cluster 5
TAGGAGGCAAGGTCAG-1,Cluster 1
TAGGAGGCAGAGTCAG-1,Cluster 3
TAGGAGGTCGGCCTTT-1,Cluster 1
TAGGAGGTCGGCTATA-1,Cluster 2
TAGGGTTCAATACCTG-1,Cluster 4
TAGGGTTCACCGGTCA-1,Cluster 4
TAGGGTTCAGGCCCTA-1,Cluster 3
TAGGGTTGTCTTCATT-1,Cluster 6
TAGGGTTGTTCAACGT-1,Cluster 4
TAGGTACAGGGAGGCA-1,Cluster 5
TAGGTACGTATGGGAC-1,Cluster 1
TAGGTACGTTGAATCC-1,Cluster 3
TAGGTACTCAGTGTCA-1,Cluster 4
TAGGTACTCGGCATCG-1,Cluster 6
TAGGTTGAGCTGGCCT-1,Cluster 7
TAGGTTGAGTTTGTCG-1,Cluster 6
TAGGTTGCAAATGAAC-1,Cluster 1
TAGGTTGCAGAGTAAT-1,Cluster 5
TAGGTTGGTCCACATA-1,Cluster 1
TAGGTTGGTTATGTGC-1,Cluster 5
TAGGTTGTCACCCTCA-1,Cluster 3
TAGGTTGTCCTGATAG-1,Cluster 4
TAGTGCACACCCTATC-1,Cluster 1
TAGTGCAGTAACAGGC-1,Cluster 1
TAGTGCAGTCTACAAC-1,Cluster 1
TAGTGCAGTTGGACCC-1,Cluster 4
TAGTGCATCGGACTGC-1,Cluster 3
TATACCTCATGCTGCG-1,Cluster 4
TATACCTGTGAGAACC-1,Cluster 3
TATACCTTCAAACGAA-1,Cluster 5
TATACCTTCTGAACGT-1,Cluster 3
TATATCCAGAACTGAT-1,Cluster 4
TATATCCGTCCCTGTT-1,Cluster 2
TATATCCGTTACCCTC-1,Cluster 6
TATCAGGCACAATGAA-1,Cluster 3
TATCAGGCAGACATCT-1,Cluster 7
TATCAGGGTCCCTGTT-1,Cluster 1
TATCCTAAGGCTTAAA-1,Cluster 7
TATCCTACAGGTACGA-1,Cluster 3
TATCCTAGTGCTATTG-1,Cluster 3
TATCCTAGTGGTCTGC-1,Cluster 1
TATCCTATCATGGTAC-1,Cluster 2
TATCCTATCTGTCTCG-1,Cluster 2
TATCCTATCTTTGCGC-1,Cluster 3
TATCGCCAGCGCATCC-1,Cluster 5
TATCGCCAGCGGTATG-1,Cluster 4
TATCGCCTCACGACTA-1,Cluster 3
TATCGCCTCAGGAAGC-1,Cluster 1
TATCGCCTCGTGTGGC-1,Cluster 3
TATCGCCTCTGGTCAA-1,Cluster 2
TATCTGTAGGGTTGCA-1,Cluster 7
TATCTGTCAGCTGAGA-1,Cluster 1
TATCTTGAGTATGTAG-1,Cluster 7
TATCTTGCAAACCGGA-1,Cluster 5
TATTGCTGTAGCGAGT-1,Cluster 2
TATTGCTGTCTCAGGC-1,Cluster 4
TATTGCTGTTGACGGA-1,Cluster 4
TATTGCTTCATAAGGA-1,Cluster 5
TATTGCTTCTAGGCCG-1,Cluster 5
TATTGGGCAACTCGTA-1,Cluster 3
TATTGGGCACGCTGAC-1,Cluster 3
TATTGGGTCATGGAGG-1,Cluster 7
TATTGGGTCGATGCAT-1,Cluster 4
TATTGGGTCTGAGTCA-1,Cluster 4
TATTTCGAGGATACCG-1,Cluster 3
TATTTCGCATCATTTC-1,Cluster 3
TATTTCGGTGGACAGT-1,Cluster 1
TATTTCGTCATAGGCT-1,Cluster 3
TATTTCGTCGCGTGCA-1,Cluster 3
TCAAGACTCTACTGCC-1,Cluster 1
TCAAGCAAGACCACGA-1,Cluster 1
TCAAGCAAGCACCAGA-1,Cluster 6
TCAAGCACAGACCTAT-1,Cluster 7
TCAAGCACAGATCACT-1,Cluster 1
TCAAGCACAGGTACGA-1,Cluster 2
TCAAGCAGTCGGATTT-1,Cluster 5
TCAAGCATCCATGATG-1,Cluster 5
TCAAGTGAGAGTGTTA-1,Cluster 3
TCAAGTGCATCGGCCA-1,Cluster 4
TCAATCTAGCATCCCG-1,Cluster 1
TCAATCTCAGCTGAAG-1,Cluster 6
TCAATCTGTCAACATC-1,Cluster 1
TCAATTCAGCTGGTGA-1,Cluster 2
TCAATTCAGGCTCCCA-1,Cluster 4
TCAATTCCATGGAAGC-1,Cluster 5
TCAATTCGTACAGGTG-1,Cluster 1
TCAATTCTCCGGGACT-1,Cluster 1
TCACAAGAGCAGTACG-1,Cluster 7
TCACAAGCAGTCTCTC-1,Cluster 4
TCACAAGTCGGTCTGG-1,Cluster 6
TCACACCAGCGTCTGC-1,Cluster 1
TCACACCCACAGACGA-1,Cluster 2
TCACACCCACAGTGTT-1,Cluster 1
TCACACCGTTAAGCAA-1,Cluster 3
TCACACCGTTTACCAG-1,Cluster 7
TCACACCTCACCACAA-1,Cluster 6
TCACATTAGGTAAGAG-1,Cluster 2
TCACATTTCAACCGAT-1,Cluster 3
TCACATTTCACGGACC-1,Cluster 6
TCACATTTCATGCGGC-1,Cluster 2
TCACGCTCAAACAGGC-1,Cluster 6
TCACGCTGTACCGTGC-1,Cluster 2
TCACGCTGTACGACAG-1,Cluster 1
TCACGCTGTAGCTGTT-1,Cluster 4
TCACGCTGTGAACCGA-1,Cluster 4
TCACGCTTCATTGGTG-1,Cluster 1
TCACGCTTCCCGAGTG-1,Cluster 5
TCACGGGAGTCCCGAC-1,Cluster 6
TCACGGGCATGCCGGT-1,Cluster 7
TCACGGGGTATCGCTA-1,Cluster 3
TCACTATAGACCTGGA-1,Cluster 6
TCACTATAGTATGACA-1,Cluster 2
TCACTATGTGACACGA-1,Cluster 3
TCACTATGTGGTCTCG-1,Cluster 2
TCACTATGTTATGACC-1,Cluster 5
TCACTCGAGCAACAAT-1,Cluster 1
TCACTCGAGCTCTTCC-1,Cluster 2
TCACTCGCATAACAGA-1,Cluster 3
TCACTCGTCAAGAGGC-1,Cluster 1
TCAGCAATCCTACCAC-1,Cluster 1
TCAGCCTAGGATTCAA-1,Cluster 2
TCAGGGCCATGAGATA-1,Cluster 4
TCAGGGCTCTTTCAGT-1,Cluster 3
TCAGGTAAGTAGCCAG-1,Cluster 1
TCAGGTATCTCTGGTC-1,Cluster 3
TCAGTCCAGAGTTGAT-1,Cluster 3
TCAGTCCAGCACTTTG-1,Cluster 5
TCAGTCCAGTGCGTCC-1,Cluster 3
TCAGTCCCACACACTA-1,Cluster 1
TCAGTCCGTCTGTCCT-1,Cluster 2
TCAGTCCTCTACCTTA-1,Cluster 1
TCAGTGAAGCAGCGAT-1,Cluster 6
TCAGTGAGTCGTGGTC-1,Cluster 4
TCAGTGAGTTCCGCAG-1,Cluster 2
TCAGTTTAGTGAACAT-1,Cluster 4
TCAGTTTGTCTAGGTT-1,Cluster 6
TCAGTTTTCATGCCCT-1,Cluster 1
TCAGTTTTCCACCTCA-1,Cluster 4
TCATACTAGAGGGCGA-1,Cluster 5
TCATACTCAGAGTGTG-1,Cluster 4
TCATACTGTTCTCTCG-1,Cluster 4
TCATACTTCGAACGGA-1,Cluster 6
TCATACTTCTCATGGA-1,Cluster 4
TCATATCCAAGCGCAA-1,Cluster 1
TCATATCCACTTGGGC-1,Cluster 1
TCATATCGTACTCGTA-1,Cluster 4
TCATATCTCTCAACCC-1,Cluster 3
TCATCATCACGTGTGC-1,Cluster 3
TCATCATGTGTTCAGT-1,Cluster 1
TCATCATTCCGATGCG-1,Cluster 4
TCATCATTCGTTAGAC-1,Cluster 4
TCATCCGCAATGGCCC-1,Cluster 7
TCATCCGTCACTAGCA-1,Cluster 2
TCATCCGTCATGGAGG-1,Cluster 4
TCATGAGCATGAGTAA-1,Cluster 1
TCATGAGGTACAGCGA-1,Cluster 5
TCATGAGTCTCCAATT-1,Cluster 4
TCATGCCAGAGTGTGC-1,Cluster 3
TCATGCCCAATGAAAC-1,Cluster 1
TCATGCCCAATGCTCA-1,Cluster 3
TCATGCCCACACCTAA-1,Cluster 1
TCATGCCGTCCTGGTG-1,Cluster 3
TCATGCCTCACATCAG-1,Cluster 2
TCATGCCTCTAAGCGT-1,Cluster 1
TCATGGACACCAAAGG-1,Cluster 1
TCATGGAGTATCAGCT-1,Cluster 1
TCATGGATCCGTTTCG-1,Cluster 7
TCATGTTCAGGATCTT-1,Cluster 4
TCATGTTTCTGTCCCA-1,Cluster 1
TCATTACAGCAGCCCT-1,Cluster 2
TCATTACAGGAGCAAA-1,Cluster 2
TCATTACGTAGGCTGA-1,Cluster 7
TCATTACGTTAATCGC-1,Cluster 6
TCATTACTCGGCTCTT-1,Cluster 4
TCATTCACACGCTATA-1,Cluster 6
TCATTCACAGCCGGTT-1,Cluster 5
TCATTCAGTGGTCTAT-1,Cluster 5
TCATTGTGTAGTCTGT-1,Cluster 4
TCATTGTGTGCGTTTA-1,Cluster 4
TCATTGTTCACCATCC-1,Cluster 3
TCATTTGGTAAGATCA-1,Cluster 1
TCATTTGTCCACATAG-1,Cluster 1
TCCACCAAGCTCCCTT-1,Cluster 2
TCCACGTAGCGGTAGT-1,Cluster 1
TCCACGTTCCCTCGTA-1,Cluster 5
TCCAGAAAGAGTCCGA-1,Cluster 1
TCCAGAATCAAGAAAC-1,Cluster 3
TCCAGAATCGTGCATA-1,Cluster 3
TCCATCGCAGGTAGTG-1,Cluster 5
TCCATCGGTACCCGCA-1,Cluster 3
TCCATCGTCTATCGTT-1,Cluster 3
TCCATGCAGAGTGAAG-1,Cluster 1
TCCATGCCATGGTACT-1,Cluster 4
TCCATGCGTCACTCGG-1,Cluster 3
TCCATGCGTCTTAGTG-1,Cluster 4
TCCCACACAGCACCCA-1,Cluster 1
TCCCACAGTTGTCCCT-1,Cluster 3
TCCCAGTAGACCGCCT-1,Cluster 5
TCCCAGTAGAGGTCGT-1,Cluster 4
TCCCAGTAGGCAGCTA-1,Cluster 3
TCCCAGTCAAGAGCTG-1,Cluster 2
TCCCAGTGTGGAGGTT-1,Cluster 6
TCCCAGTTCACTTGGA-1,Cluster 1
TCCCAGTTCGACTCCT-1,Cluster 1
TCCCAGTTCTGTCGTC-1,Cluster 2
TCCCATGGTTAGCGGA-1,Cluster 4
TCCGAAAAGCACTCTA-1,Cluster 7
TCCGAAACAATTTCTC-1,Cluster 2
TCCGAAACACGAGGAT-1,Cluster 5
TCCGAAACAGAAACCG-1,Cluster 1
TCCGAAATCTTCCTAA-1,Cluster 2
TCCGATCGTTATGTCG-1,Cluster 4
TCCGGGACAAAGTATG-1,Cluster 2
TCCGGGAGTCACGTGC-1,Cluster 3
TCCGGGATCGGAGATG-1,Cluster 2
TCCGGGATCGGCCAAC-1,Cluster 6
TCCTAATAGCGCAATG-1,Cluster 2
TCCTAATGTTTCCATT-1,Cluster 5
TCCTAATTCTTGGTCC-1,Cluster 6
TCCTCCCTCATCGGGC-1,Cluster 2
TCCTCCCTCGAGATGG-1,Cluster 1
TCCTCCCTCGTGAGAG-1,Cluster 3
TCCTCGAAGTGGAAGA-1,Cluster 6
TCCTCGACATGACGAG-1,Cluster 1
TCCTCGATCGGTAGGA-1,Cluster 3
TCCTCTTCACTGATTG-1,Cluster 4
TCCTCTTGTTAATGAG-1,Cluster 1
TCCTCTTTCCATTGCC-1,Cluster 3
TCCTCTTTCGGAAGGT-1,Cluster 1
TCCTCTTTCTCCTGCA-1,Cluster 4
TCCTGCACACGTGAGA-1,Cluster 5
TCCTGCAGTAGTAAGT-1,Cluster 4
TCCTTCTAGGTGATCG-1,Cluster 5
TCCTTCTCAGAGGCTA-1,Cluster 4
TCCTTCTCAGCCCAGT-1,Cluster 4
TCCTTCTTCCGGACGT-1,Cluster 3
TCCTTTCCAGAATGTA-1,Cluster 5
TCCTTTCCAGTGTACT-1,Cluster 2
TCCTTTCGTCGAGCAA-1,Cluster 2
TCGAACAAGCATGTTC-1,Cluster 2
TCGAAGTGTCTACTGA-1,Cluster 6
TCGAAGTTCATTGCGA-1,Cluster 3
TCGAAGTTCTTCGGTC-1,Cluster 6
TCGACCTCAGCTTCGG-1,Cluster 4
TCGACCTCAGTTGTTG-1,Cluster 5
TCGACCTGTAACATGA-1,Cluster 6
TCGACGGCAGTGGTGA-1,Cluster 4
TCGACGGCATGGTGGA-1,Cluster 1
TCGACGGGTAGTATAG-1,Cluster 3
TCGACGGGTTCAGCTA-1,Cluster 1
TCGACGGGTTGCCATA-1,Cluster 5
TCGACGGTCGAAGCCC-1,Cluster 3
TCGATTTCATAGAATG-1,Cluster 7
TCGATTTGTTATGACC-1,Cluster 2
TCGCAGGAGCACCCAC-1,Cluster 2
TCGCAGGAGCGTTCCG-1,Cluster 5
TCGCAGGAGCTTAAGA-1,Cluster 1
TCGCTCAAGGCCACCT-1,Cluster 2
TCGCTCATCAATCCAG-1,Cluster 5
TCGCTTGCAGACACCC-1,Cluster 2
TCGCTTGGTCTGTGGC-1,Cluster 3
TCGCTTGGTGATTAGA-1,Cluster 2
TCGGATAAGGTGCTAG-1,Cluster 2
TCGGATACACAATGAA-1,Cluster 4
TCGGGACAGTCGCCCA-1,Cluster 2
TCGGGACAGTGAATAC-1,Cluster 5
TCGGGACCATAGGTAA-1,Cluster 4
TCGGGACCATGTGACT-1,Cluster 4
TCGGGACTCACTCTTA-1,Cluster 6
TCGGGACTCCTTCAGC-1,Cluster 3
TCGGGCACAGTCTTCC-1,Cluster 3
TCGGGCATCTACACTT-1,Cluster 1
TCGGGTGAGCCTCTTC-1,Cluster 7
TCGGGTGCATGGATCT-1,Cluster 5
TCGGTCTAGGGTTGCA-1,Cluster 4
TCGTAGAAGACTTAAG-1,Cluster 6
TCGTAGAAGTAGGAAG-1,Cluster 4
TCGTAGAGTGTGAGCA-1,Cluster 5
TCGTAGAGTTTGCCGG-1,Cluster 2
TCGTCCAAGACTCTAC-1,Cluster 7
TCGTCCACACGTCATA-1,Cluster 1
TCGTCCATCAAGTGGG-1,Cluster 2
TCGTCCATCAGCTCTC-1,Cluster 1
TCGTCCATCTATCGTT-1,Cluster 1
TCGTGCTGTTTCGTGA-1,Cluster 3
TCGTGGGAGAATTCAG-1,Cluster 4
TCGTGGGGTTACGTAC-1,Cluster 1
TCGTGGGTCACGACTA-1,Cluster 3
TCTAACTAGCGATGCA-1,Cluster 1
TCTAACTCACGTCGGT-1,Cluster 4
TCTAACTGTCACTAGT-1,Cluster 2
TCTAACTGTCCCTCAT-1,Cluster 3
TCTAACTTCCCTATTA-1,Cluster 6
TCTAACTTCTTCACGC-1,Cluster 2
TCTAACTTCTTGGAAC-1,Cluster 1
TCTACATAGGATTCCT-1,Cluster 3
TCTACATAGGCTCTAT-1,Cluster 3
TCTACATAGGGCAACT-1,Cluster 5
TCTACATCAGTCAGAG-1,Cluster 3
TCTACCGAGCATGCAG-1,Cluster 4
TCTACCGCAAGTTGGG-1,Cluster 3
TCTACCGCATGAATCC-1,Cluster 6
TCTACCGGTGGGAGAG-1,Cluster 1
TCTATACAGGCATGGT-1,Cluster 7
TCTATACTCGTTCTGC-1,Cluster 3
TCTATCAAGAGTGTGC-1,Cluster 5
TCTATCACAAGGACAC-1,Cluster 1
TCTATCACAGGAGACT-1,Cluster 6
TCTATCAGTAGCTCGC-1,Cluster 3
TCTCACGCAGGAAGTC-1,Cluster 6
TCTCACGGTCTAGGTT-1,Cluster 4
TCTCACGTCTAGTACG-1,Cluster 5
TCTCAGCAGCGTTCAT-1,Cluster 2
TCTCAGCGTCGCTTAA-1,Cluster 1
TCTCAGCTCATTACGG-1,Cluster 5
TCTCCGATCCGACAGC-1,Cluster 2
TCTCCGATCCGGTAGC-1,Cluster 5
TCTCCGATCGAACGGA-1,Cluster 6
TCTCCGATCGTCTCAC-1,Cluster 3
TCTGCCAAGTTGGCGA-1,Cluster 1
TCTGCCAGTGAAAGTT-1,Cluster 5
TCTGCCATCGCACTCT-1,Cluster 4
TCTGCCATCTACGGTA-1,Cluster 2
TCTGGCTAGGACGGAG-1,Cluster 3
TCTGGCTAGTATTGCC-1,Cluster 2
TCTGGCTCAGCATCTA-1,Cluster 1
TCTGGCTCAGTAACCT-1,Cluster 3
TCTGGCTTCAAACCTG-1,Cluster 4
TCTGGCTTCCGAACGC-1,Cluster 5
TCTGTCGAGCAGCCTC-1,Cluster 1
TCTGTCGAGTGGCCTC-1,Cluster 4
TCTGTCGGTGTCATTG-1,Cluster 4
TCTGTCGTCGATACTG-1,Cluster 2
TCTGTCGTCGGATTAC-1,Cluster 5
TCTTAGTAGCTTTCCC-1,Cluster 3
TCTTAGTCAGGAACCA-1,Cluster 5
TCTTAGTGTCATCGCG-1,Cluster 4
TCTTAGTGTTATCCAG-1,Cluster 5
TCTTCCTAGATGGCGT-1,Cluster 7
TCTTCCTAGCGCAATG-1,Cluster 6
TCTTCCTTCACATCAG-1,Cluster 3
TCTTGCGGTCAACCAT-1,Cluster 6
TCTTGCGTCGACACCG-1,Cluster 4
TCTTTGACATCCCACT-1,Cluster 4
TGAACGTAGCTACGTT-1,Cluster 3
TGAACGTAGTAACCTC-1,Cluster 1
TGAACGTTCCACAGCG-1,Cluster 4
TGAATCGCAACCGATT-1,Cluster 3
TGAATCGCACAATCTG-1,Cluster 4
TGAATCGCACCAGTAT-1,Cluster 4
TGAATCGCAGATCACT-1,Cluster 4
TGAATCGGTAGATCGG-1,Cluster 3
TGAATCGGTCTTCATT-1,Cluster 5
TGAATCGGTTTCCATT-1,Cluster 3
TGAATCGTCTTACGGA-1,Cluster 4
TGAATGCAGGAAGTGA-1,Cluster 1
TGAATGCCATGGTACT-1,Cluster 7
TGAATGCGTTACTCAG-1,Cluster 4
TGACAGTAGAGAGTGA-1,Cluster 3
TGACAGTAGCACCAGA-1,Cluster 7
TGACAGTGTACGGATG-1,Cluster 4
TGACAGTGTAGCTGAG-1,Cluster 2
TGACAGTGTTTGGGTT-1,Cluster 5
TGACAGTTCGCAATGT-1,Cluster 5
TGACAGTTCGTAACCA-1,Cluster 6
TGACCCTAGCCTCACG-1,Cluster 2
TGACCCTCACTGTGTA-1,Cluster 2
TGACCCTCATCTGTTT-1,Cluster 3
TGACCCTTCTGGCCTT-1,Cluster 1
TGACGCGAGTGTGTTC-1,Cluster 3
TGACGCGCATCTCCCA-1,Cluster 2
TGACGCGTCACTAGCA-1,Cluster 1
TGACGCGTCCTCGCAT-1,Cluster 3
TGACTCCAGACGTCGA-1,Cluster 2
TGACTCCAGGGCTTCC-1,Cluster 7
TGACTCCAGTCGCGAA-1,Cluster 2
TGACTCCCAACAAGAT-1,Cluster 6
TGACTCCCAAGTTTGC-1,Cluster 1
TGACTCCTCGATACAC-1,Cluster 3
TGACTCCTCTGGAAGG-1,Cluster 3
TGAGACTAGATGGTCG-1,Cluster 1
TGAGACTCAACGCCCA-1,Cluster 1
TGAGACTGTACGGCAA-1,Cluster 3
TGAGACTGTTACGGAG-1,Cluster 1
TGAGACTTCTGCTTAT-1,Cluster 4
TGAGCGCAGAAACTCA-1,Cluster 7
TGAGCGCGTTGTAAAG-1,Cluster 4
TGAGCGCTCAGCACCG-1,Cluster 1
TGAGGAGTCAAGCCCG-1,Cluster 3
TGAGGTTAGCTCACTA-1,Cluster 2
TGAGGTTCATGTCGTA-1,Cluster 2
TGAGGTTGTGTTTCTT-1,Cluster 6
TGAGGTTGTTGTGGCC-1,Cluster 5
TGAGGTTTCACTAGCA-1,Cluster 1
TGAGGTTTCCGAAATC-1,Cluster 6
TGAGTCACACATGTTG-1,Cluster 4
TGAGTCATCCGAGCTG-1,Cluster 2
TGATCAGCACCGGTCA-1,Cluster 5
TGATCAGCACTAGTAC-1,Cluster 2
TGATCAGCAGTGTACT-1,Cluster 6
TGATCTTAGCTCTTCC-1,Cluster 4
TGATCTTAGCTTCTAG-1,Cluster 2
TGATCTTCAAGGGTCA-1,Cluster 5
TGATCTTTCATTGCGA-1,Cluster 3
TGATCTTTCGACATCA-1,Cluster 2
TGATGCAGTACAACGG-1,Cluster 5
TGATGCATCTTGATTC-1,Cluster 4
TGATGGTAGACTTCGT-1,Cluster 1
TGATGGTAGAGTACCG-1,Cluster 1
TGATGGTTCCTAGCTC-1,Cluster 3
TGATTCTAGCATTGTC-1,Cluster 5
TGATTTCAGTGTAGTA-1,Cluster 4
TGATTTCCATCCTAAG-1,Cluster 1
TGATTTCGTGATACCT-1,Cluster 4
TGATTTCTCCTTTAGT-1,Cluster 1
TGATTTCTCGTTCAGA-1,Cluster 3
TGCACGGCACGCTTAA-1,Cluster 5
TGCAGATGTCTCACAA-1,Cluster 5
TGCAGGCAGACTCGAG-1,Cluster 2
TGCAGGCGTTATTCTC-1,Cluster 5
TGCAGTAAGAAGCGGG-1,Cluster 6
TGCAGTACACACCGCA-1,Cluster 7
TGCAGTATCCAGTGCG-1,Cluster 7
TGCATCCTCATCTACT-1,Cluster 3
TGCATCCTCGGCTTGG-1,Cluster 2
TGCATGACACCCTTGT-1,Cluster 2
TGCATGATCAACTGAC-1,Cluster 3
TGCATGATCGAGATGG-1,Cluster 1
TGCATGATCGGACTTA-1,Cluster 2
TGCCGAGAGCATGTTC-1,Cluster 4
TGCCGAGGTAAGGCTG-1,Cluster 7
TGCCGAGGTGACCGAA-1,Cluster 1
TGCGACGAGTCTGGAG-1,Cluster 1
TGCGATACATACATCG-1,Cluster 3
TGCGATACATGCGGTC-1,Cluster 1
TGCGATATCTAGACCA-1,Cluster 3
TGCGATATCTCTCAAT-1,Cluster 2
TGCGGCAAGAATCCCT-1,Cluster 4
TGCGGCAAGGTATCTC-1,Cluster 1
TGCGGCACAAGCGCTC-1,Cluster 2
TGCGGCACAATCGAAA-1,Cluster 5
TGCGGCACAGGCCTGT-1,Cluster 7
TGCGGCAGTCACAATC-1,Cluster 5
TGCGGCAGTCCACAGC-1,Cluster 2
TGCGGCAGTGATCATC-1,Cluster 4
TGCGGCATCTTCGATT-1,Cluster 5
TGCGGGTCAGGAGGTT-1,Cluster 3
TGCGGGTGTCTAACTG-1,Cluster 1
TGCGGGTGTGCCTGAC-1,Cluster 5
TGCGGGTTCCTCACGT-1,Cluster 6
TGCGGGTTCGACCAAT-1,Cluster 4
TGCGGGTTCTTTGATC-1,Cluster 5
TGCTCCAAGCGACATG-1,Cluster 4
TGCTCCACAAGACCGA-1,Cluster 5
TGCTCGTCACGTCATA-1,Cluster 5
TGCTCGTCACTGCGAC-1,Cluster 2
TGCTCGTGTCTTGAAC-1,Cluster 1
TGCTCGTGTGGGTATG-1,Cluster 1
TGCTCGTTCACGGAGA-1,Cluster 1
TGCTGAACAGCGGTCT-1,Cluster 2
TGCTGAATCCTTGAAG-1,Cluster 2
TGCTGAATCTGTCCGT-1,Cluster 3
TGCTTCGAGCTCGCAC-1,Cluster 1
TGCTTCGAGGGACACT-1,Cluster 1
TGCTTCGAGTTACGAA-1,Cluster 5
TGCTTCGCACCGGTCA-1,Cluster 1
TGCTTCGGTCGTAATC-1,Cluster 1
TGCTTCGTCTGAATGC-1,Cluster 1
TGCTTCGTCTTAGCCC-1,Cluster 5
TGCTTCGTCTTGGAAC-1,Cluster 6
TGCTTGCAGGTCATCT-1,Cluster 5
TGCTTGCCACTGCTTC-1,Cluster 2
TGCTTGCTCCCTCTTT-1,Cluster 1
TGGAACTAGGGTACGT-1,Cluster 2
TGGAACTCAAGTGGTG-1,Cluster 2
TGGAACTGTAGGAGTC-1,Cluster 3
TGGAACTTCGACGCTG-1,Cluster 1
TGGAGAGCACAGTGAG-1,Cluster 6
TGGAGAGGTAGACGGT-1,Cluster 1
TGGAGGAAGGCCCAAA-1,Cluster 5
TGGATCATCAGAGCGA-1,Cluster 6
TGGATCATCATCGCTC-1,Cluster 2
TGGATCATCTGCTGAA-1,Cluster 3
TGGATGTAGGAGACCT-1,Cluster 5
TGGATGTCACAGTATC-1,Cluster 1
TGGATGTCATACAGGG-1,Cluster 4
TGGATGTCATGCAGCC-1,Cluster 2
TGGATGTGTCCTCCTA-1,Cluster 7
TGGATGTGTCGGTAAG-1,Cluster 1
TGGATGTTCGTGAGAG-1,Cluster 3
TGGATGTTCTCTCGAC-1,Cluster 6
TGGCGTGAGACGGAAA-1,Cluster 1
TGGCGTGAGTCGAATA-1,Cluster 3
TGGCGTGGTAAGCTCT-1,Cluster 1
TGGGAAGAGACCAGAC-1,Cluster 2
TGGGAAGAGACGCCCT-1,Cluster 4
TGGGAAGAGTAACAGT-1,Cluster 1
TGGGAAGTCTGGGCCA-1,Cluster 6
TGGGAGACAAACTAAG-1,Cluster 4
TGGGATTAGTAACGAT-1,Cluster 3
TGGGATTAGTACTGTC-1,Cluster 1
TGGGATTGTTTGAACC-1,Cluster 3
TGGGATTTCGCGGACT-1,Cluster 4
TGGGCGTAGCTGGAGT-1,Cluster 1
TGGGCGTTCCTGTAAG-1,Cluster 1
TGGGCGTTCGATACAC-1,Cluster 6
TGGGCTGAGAGGTCGT-1,Cluster 5
TGGGCTGAGGGTACAC-1,Cluster 4
TGGGCTGCAAGGTCAG-1,Cluster 3
TGGGCTGCATCGCTAA-1,Cluster 1
TGGGTTAAGGAGAATG-1,Cluster 2
TGGGTTACAGATTCGT-1,Cluster 1
TGGGTTATCGTTATCT-1,Cluster 7
TGGTAGTCAAGATGGC-1,Cluster 6
TGGTAGTCACTTTATC-1,Cluster 4
TGGTAGTGTGTTCCAA-1,Cluster 3
TGGTGATAGGCTCACC-1,Cluster 6
TGGTGATAGTCCTGTA-1,Cluster 3
TGGTGATGTAGCGTAG-1,Cluster 2
TGGTGATTCCGTACGG-1,Cluster 4
TGGTTAGCACCCTAAA-1,Cluster 5
TGGTTAGTCAGAGTGG-1,Cluster 5
TGGTTAGTCTATTCGT-1,Cluster 2
TGTAAGCCAGCTCTGG-1,Cluster 2
TGTAAGCGTTCCACGG-1,Cluster 1
TGTAAGCTCCGATAGT-1,Cluster 2
TGTAAGCTCGAAGCCC-1,Cluster 2
TGTAAGCTCTAAGCGT-1,Cluster 6
TGTACAGAGGATGTTA-1,Cluster 2
TGTACAGTCGACGATT-1,Cluster 3
TGTAGACAGCTAGCCC-1,Cluster 3
TGTAGACCAGCTTCGG-1,Cluster 4
TGTAGACTCGCAAGAG-1,Cluster 1
TGTCAGAAGATGGTCG-1,Cluster 3
TGTCAGACATGAGAAT-1,Cluster 4
TGTCAGAGTATCTCGA-1,Cluster 4
TGTCAGAGTGCCAAGA-1,Cluster 2
TGTCAGAGTGCGGATA-1,Cluster 3
TGTCCACAGCACGGAT-1,Cluster 2
TGTCCACGTAATGTGA-1,Cluster 3
TGTCCCAAGTAAGGGA-1,Cluster 5
TGTCCCAGTCCTACAA-1,Cluster 1
TGTCCCATCATGAAAG-1,Cluster 1
TGTCCTGAGAGTCTGG-1,Cluster 3
TGTCCTGAGCCTGGAA-1,Cluster 3
TGTCCTGAGGGTATAT-1,Cluster 3
TGTCCTGCACCAAAGG-1,Cluster 3
TGTCCTGTCGCTTTAT-1,Cluster 1
TGTGAGTGTGTCCATA-1,Cluster 3
TGTGAGTGTTGGTAGG-1,Cluster 2
TGTGATGAGCTGTCCG-1,Cluster 7
TGTGATGAGGACTGGT-1,Cluster 6
TGTGATGAGTTTAGGA-1,Cluster 2
TGTGATGCAAAGGAGA-1,Cluster 1
TGTGATGTCATCGCTC-1,Cluster 7
TGTGATGTCCCATAAG-1,Cluster 2
TGTGCGGGTCAGTCCG-1,Cluster 2
TGTGCGGGTCCAGCAC-1,Cluster 3
TGTGGCGGTCGGCTAC-1,Cluster 7
TGTGGCGTCAAGGAGC-1,Cluster 4
TGTGTGAAGAGGTATT-1,Cluster 2
TGTGTGAAGGGTGAAA-1,Cluster 2
TGTGTGAAGGTTGGTG-1,Cluster 1
TGTGTGACACTACTTT-1,Cluster 5
TGTGTGACAGCGGATA-1,Cluster 4
TGTGTGAGTGCTGCAC-1,Cluster 5
TGTGTGATCAGCTGAT-1,Cluster 1
TGTTACTCATGGGTCC-1,Cluster 4
TGTTCATAGTCGGGAT-1,Cluster 6
TGTTCCGAGGTCGACA-1,Cluster 1
TGTTCCGCACCGGCTA-1,Cluster 3
TGTTCCGTCAGGGATG-1,Cluster 2
TGTTCCGTCTGCGGCA-1,Cluster 1
TGTTCTACAACTCGTA-1,Cluster 6
TGTTCTACAATCAGCT-1,Cluster 3
TGTTCTACACTCCTTG-1,Cluster 1
TGTTCTACAGTCGAGA-1,Cluster 5
TGTTCTAGTCCCTAAA-1,Cluster 2
TGTTGAGAGGTTCCAT-1,Cluster 6
TGTTGGAAGGCGCTCT-1,Cluster 3
TGTTGGAAGTCGGCCT-1,Cluster 5
TGTTGGACACACCTGG-1,Cluster 5
TGTTGGAGTGGTCTCG-1,Cluster 1
TGTTGGATCGGTGTTA-1,Cluster 6
TGTTTGTAGAGTCCGA-1,Cluster 4
TGTTTGTCATTGAGCT-1,Cluster 2
TGTTTGTGTAATGCTC-1,Cluster 7
TTAATCCAGAAGCGGG-1,Cluster 7
TTAATCCCAATTGCTG-1,Cluster 3
TTAATCCGTCTCAGAT-1,Cluster 4
TTAATCCTCTAAACGC-1,Cluster 1
TTACAGGCAAATGAGT-1,Cluster 4
TTACAGGCACTTCAAG-1,Cluster 2
TTACAGGGTATAGGGC-1,Cluster 2
TTACAGGGTCTCGCGA-1,Cluster 1
TTACAGGGTTCTTGCC-1,Cluster 1
TTACCATAGGCGTTGA-1,Cluster 1
TTACCATCAGACCAAG-1,Cluster 5
TTACCATTCATCGCTC-1,Cluster 7
TTACCGCCACGCCACA-1,Cluster 1
TTACCGCTCATGTCTT-1,Cluster 1
TTACCGCTCGTGGAAG-1,Cluster 2
TTACGCCCAACAGCTT-1,Cluster 5
TTACGCCGTTACCCAA-1,Cluster 1
TTACGCCTCCTAAACG-1,Cluster 4
TTACGTTAGGCCTTGC-1,Cluster 3
TTACGTTCACTTCCTG-1,Cluster 5
TTACGTTCATAAGCAA-1,Cluster 3
TTACGTTCATAGTCAC-1,Cluster 1
TTACTGTAGCGGATCA-1,Cluster 2
TTACTGTCACAGCGCT-1,Cluster 3
TTACTGTCAGTAACAA-1,Cluster 1
TTACTGTGTAACAGGC-1,Cluster 2
TTACTGTTCGGTCGAC-1,Cluster 1
TTAGGCAAGAATTGTG-1,Cluster 5
TTAGGCAAGCGGTATG-1,Cluster 4
TTAGGCAAGCTAGCCC-1,Cluster 1
TTAGGCACACTATGTG-1,Cluster 5
TTAGGCATCCCGAGAC-1,Cluster 3
TTAGGGTAGAGAATCT-1,Cluster 1
TTAGGGTAGAGGCTGT-1,Cluster 4
TTAGGGTAGGATAATC-1,Cluster 3
TTAGGGTAGGTACAAT-1,Cluster 4
TTAGTCTCACCCAACG-1,Cluster 6
TTAGTCTCAGGACGAT-1,Cluster 2
TTAGTCTGTTGGTGTT-1,Cluster 1
TTATTGCAGGAATTAC-1,Cluster 7
TTATTGCTCAATCTTC-1,Cluster 3
TTCAATCAGACTCTAC-1,Cluster 4
TTCAATCAGAGCATAT-1,Cluster 5
TTCAATCAGGAATGTT-1,Cluster 5
TTCAATCAGGTAGGCT-1,Cluster 4
TTCAATCGTTCCTTGC-1,Cluster 1
TTCAATCTCGCCGATG-1,Cluster 2
TTCAATCTCTAGGAAA-1,Cluster 4
TTCACGCAGGTGCAGT-1,Cluster 5
TTCACGCAGTGCAACG-1,Cluster 6
TTCACGCCAATCAAGA-1,Cluster 5
TTCACGCCACATTACG-1,Cluster 3
TTCACGCCAGGTCCCA-1,Cluster 4
TTCACGCTCGGAGTAG-1,Cluster 4
TTCAGGACATGTGACT-1,Cluster 2
TTCAGGAGTTAAGACA-1,Cluster 6
TTCAGGATCATCGGGC-1,Cluster 3
TTCATGTAGAACAGGA-1,Cluster 4
TTCATGTAGTAAATGC-1,Cluster 1
TTCATGTCAACGATTC-1,Cluster 7
TTCATGTCACAAGCAG-1,Cluster 2
TTCATTGGTGCTGCAC-1,Cluster 3
TTCATTGTCGTTAGTG-1,Cluster 2
TTCCAATCACGACAGA-1,Cluster 2
TTCCAATGTATGGAAT-1,Cluster 2
TTCCACGCAATTTCTC-1,Cluster 2
TTCCACGCACGTCATA-1,Cluster 2
TTCCACGCATGAGGGT-1,Cluster 2
TTCCACGGTCAACATC-1,Cluster 2
TTCCACGTCCCGTGAG-1,Cluster 6
TTCCGGTAGGACGCAT-1,Cluster 1
TTCCGGTCAAACTAGA-1,Cluster 4
TTCCGGTCAGGGTCTC-1,Cluster 5
TTCCGGTCATGGGATG-1,Cluster 1
TTCCGGTGTGCAGATG-1,Cluster 5
TTCCGGTTCCTGGTCT-1,Cluster 5
TTCCGGTTCTCCTACG-1,Cluster 3
TTCCGTGAGGTTGACG-1,Cluster 4
TTCCGTGCACTAACCA-1,Cluster 6
TTCCGTGTCAAGAGGC-1,Cluster 5
TTCCTAAAGCATACTC-1,Cluster 5
TTCCTAAAGTGAGTTA-1,Cluster 2
TTCCTAACACTGCGAC-1,Cluster 5
TTCCTCTAGTGGACTG-1,Cluster 2
TTCCTCTCAGCCTACG-1,Cluster 1
TTCCTCTGTGCAAGAC-1,Cluster 5
TTCCTCTTCGGTGCAC-1,Cluster 4
TTCCTTCAGACGCATG-1,Cluster 6
TTCCTTCAGCGGTATG-1,Cluster 5
TTCCTTCTCGAGTACT-1,Cluster 5
TTCCTTCTCTCTAGGA-1,Cluster 3
TTCGATTAGGCACCAA-1,Cluster 7
TTCGATTTCTATCGTT-1,Cluster 6
TTCGCTGAGGCTTCCG-1,Cluster 1
TTCGCTGTCCCGAACG-1,Cluster 4
TTCGGTCAGATTCGAA-1,Cluster 4
TTCGGTCCACCGGTCA-1,Cluster 6
TTCGGTCCAGGCGATA-1,Cluster 1
TTCGGTCCAGTCTACA-1,Cluster 1
TTCGGTCCATACCGTA-1,Cluster 1
TTCGGTCGTTGGTGTT-1,Cluster 2
TTCTAACCACTCCACT-1,Cluster 2
TTCTAACCAGCATGCC-1,Cluster 1
TTCTAACTCGGACAAG-1,Cluster 6
TTCTAACTCTACCAGA-1,Cluster 6
TTCTAGTCAGCTACAT-1,Cluster 1
TTCTCTCTCCTTATGT-1,Cluster 5
TTCTCTCTCTGACCCT-1,Cluster 3
TTCTGTACAGAACGCA-1,Cluster 2
TTCTGTATCTCCATAT-1,Cluster 2
TTCTTCCGTCCGATCG-1,Cluster 2
TTCTTCCGTGAGTTTC-1,Cluster 2
TTCTTCCGTGCCCGTA-1,Cluster 4
TTCTTCCTCATGCCAA-1,Cluster 4
TTCTTCCTCCGTTGGG-1,Cluster 1
TTCTTCCTCCTCGCAT-1,Cluster 2
TTCTTCCTCGAATCCA-1,Cluster 5
TTCTTCCTCTCTGCTG-1,Cluster 4
TTCTTCCTCTTAAGGC-1,Cluster 4
TTCTTGACACATTACG-1,Cluster 5
TTCTTGAGTAAGGCCA-1,Cluster 3
TTCTTGAGTCAAGCCC-1,Cluster 6
TTCTTGAGTCCAGGTC-1,Cluster 3
TTCTTGAGTGAGTCAG-1,Cluster 2
TTCTTGATCAGACTGT-1,Cluster 5
TTCTTGATCGGCTGGT-1,Cluster 5
TTGAACGAGAGCCGAT-1,Cluster 5
TTGAACGAGATCCTAC-1,Cluster 7
TTGAACGAGGCAGCTA-1,Cluster 2
TTGAACGAGTTCGGTT-1,Cluster 1
TTGAACGCACTTGGGC-1,Cluster 1
TTGAACGTCTTGAGCA-1,Cluster 1
TTGACCCAGAGTTCGG-1,Cluster 1
TTGACCCAGCATCCTA-1,Cluster 2
TTGACCCCAATTGCAC-1,Cluster 1
TTGATGGAGGGCTAAC-1,Cluster 2
TTGCATTCACGGAAGT-1,Cluster 5
TTGCATTGTAGCTTGT-1,Cluster 1
TTGCATTGTGAGGCAT-1,Cluster 1
TTGCATTTCCTTACCG-1,Cluster 5
TTGCATTTCTCACTCG-1,Cluster 6
TTGCCTGAGTGAATAC-1,Cluster 5
TTGCCTGGTCTCACGG-1,Cluster 3
TTGCCTGGTTTCCATT-1,Cluster 2
TTGCCTGTCTCTCGAC-1,Cluster 2
TTGCGTCCATGACTTG-1,Cluster 4
TTGCTGCAGCGCAATG-1,Cluster 4
TTGCTGCCAGCAGACA-1,Cluster 1
TTGCTGCCAGTAACCT-1,Cluster 2
TTGCTGCCATCTTTCA-1,Cluster 6
TTGCTGCGTACTGTTG-1,Cluster 3
TTGCTGCGTAGAATAC-1,Cluster 4
TTGCTGCGTCGTACTA-1,Cluster 6
TTGCTGCGTTGCCAAT-1,Cluster 5
TTGGATGAGAGTGTGC-1,Cluster 7
TTGGATGAGCTAAGTA-1,Cluster 4
TTGGATGGTCCTTTGC-1,Cluster 7
TTGGATGTCATGCCAA-1,Cluster 7
TTGGGATGTCCTCATC-1,Cluster 7
TTGGGATTCAGACATC-1,Cluster 7
TTGGGATTCAGGTAAA-1,Cluster 2
TTGGGATTCTTGTGCC-1,Cluster 1
TTGGGCGCAATCCTTT-1,Cluster 5
TTGGGCGCACTTGAAC-1,Cluster 2
TTGGGCGGTAACGGTG-1,Cluster 4
TTGGGCGGTCAGACTT-1,Cluster 6
TTGGGCGTCACTCGAA-1,Cluster 6
TTGGGCGTCGTCACCT-1,Cluster 1
TTGGGTACATCAGTGT-1,Cluster 6
TTGGTTTCACGCTGCA-1,Cluster 1
TTGGTTTCAGCAGGAT-1,Cluster 2
TTGGTTTTCCACTGAA-1,Cluster 2
TTGGTTTTCTTACCGC-1,Cluster 1
TTGTGGACATACACCA-1,Cluster 1
TTGTGGATCCCAGGAC-1,Cluster 4
TTGTGGATCGGTGAAG-1,Cluster 4
TTGTGTTCAGAAGCTG-1,Cluster 4
TTGTGTTCAGTATTCG-1,Cluster 6
TTGTTCAGTAGTGATA-1,Cluster 7
TTGTTGTAGCCGATTT-1,Cluster 3
TTGTTGTCAGAACTCT-1,Cluster 5
TTGTTGTGTACGAGCA-1,Cluster 4
TTGTTGTGTTCGTAAC-1,Cluster 1
TTGTTGTTCCACTGGG-1,Cluster 1
TTGTTGTTCGGTCTGG-1,Cluster 4
TTGTTTGGTTTGGAGG-1,Cluster 3
TTGTTTGTCAAGAAAC-1,Cluster 1
TTTACCAAGCCTATCA-1,Cluster 5
TTTACCAGTCCTTGTC-1,Cluster 4
TTTACGTAGTCATTGC-1,Cluster 5
TTTACGTCACTTTATC-1,Cluster 1
TTTACGTGTCAATGGG-1,Cluster 3
TTTACGTGTCCAGCAC-1,Cluster 2
TTTACTGAGCTAAATG-1,Cluster 1
TTTACTGGTATCGTTG-1,Cluster 3
TTTACTGGTGATCGTT-1,Cluster 4
TTTACTGTCCGTAATG-1,Cluster 2
TTTAGTCAGCCTCTTC-1,Cluster 7
TTTAGTCAGCGTGTTT-1,Cluster 6
TTTAGTCCAAATCGTC-1,Cluster 3
TTTATGCAGGATACCG-1,Cluster 1
TTTATGCAGTCAACAA-1,Cluster 1
TTTATGCGTTAGAAAC-1,Cluster 3
TTTATGCTCGAGGCAA-1,Cluster 1
TTTCACAAGCAAATCA-1,Cluster 5
TTTCACAAGGCGAACT-1,Cluster 2
TTTCACAAGTGTACAA-1,Cluster 7
TTTCACACACAAGGTG-1,Cluster 5
TTTCACAGTACGAGTG-1,Cluster 5
TTTCACATCCGTATAG-1,Cluster 1
TTTCAGTCAGACCCGT-1,Cluster 5
TTTCAGTGTAACTGCT-1,Cluster 4
TTTCAGTGTTGTGTTG-1,Cluster 5
TTTCATGAGCAAGGAA-1,Cluster 6
TTTCATGAGGCGCTTC-1,Cluster 4
TTTCATGCAATTTCGG-1,Cluster 1
TTTCATGGTACAGTAA-1,Cluster 7
TTTCATGTCTCCGAGG-1,Cluster 7
TTTCATGTCTTCCAGC-1,Cluster 4
TTTCCTCCACGCTATA-1,Cluster 4
TTTCCTCGTCATCAGT-1,Cluster 4
TTTCCTCGTCCAATCA-1,Cluster 2
TTTCCTCGTGACGTCC-1,Cluster 5
TTTCCTCGTGGCTGCT-1,Cluster 4
TTTCGATAGAGCTGCA-1,Cluster 1
TTTCGATTCCATGCAA-1,Cluster 4
TTTCGATTCGAGCCAC-1,Cluster 5
TTTGACTAGACGATAT-1,Cluster 7
TTTGACTCACAATCTG-1,Cluster 3
TTTGACTCAGCTATAC-1,Cluster 1
TTTGACTTCACCATAG-1,Cluster 3
TTTGATCCAACGGCTC-1,Cluster 3
TTTGATCCACTGGCGT-1,Cluster 1
TTTGATCTCGCGTTTC-1,Cluster 2
TTTGATCTCTGAATCG-1,Cluster 2
TTTGGAGGTGAGTTGG-1,Cluster 4
TTTGGAGGTTACACTG-1,Cluster 4
TTTGGAGTCGCGTTTC-1,Cluster 6
TTTGGAGTCGTTCTAT-1,Cluster 4
TTTGGTTAGTAGTCCT-1,Cluster 6
TTTGGTTCAATAGTAG-1,Cluster 6
TTTGGTTTCGAACGCC-1,Cluster 6
TTTGTTGAGTAAGCAT-1,Cluster 4
TTTGTTGCAACCAACT-1,Cluster 6
TTTGTTGTCGAGTACT-1,Cluster 4
TTTGTTGTCGCTACAA-1,Cluster 4
TTTGTTGTCTTCGCTG-1,Cluster 4
